	room_id	stt
0	10002	0
1	10003	1
2	10059	2
3	10067	3
4	10074	4
5	10080	5
6	10082	6
7	10090	7
8	10093	8
9	10095	9
10	10103	10
11	10104	11
12	10105	12
13	10106	13
14	10108	14
15	11443	15
16	11444	16
17	11445	17
18	11448	18
19	11449	19
20	11450	20
21	11451	21
22	11457	22
23	11462	23
24	11465	24
25	11475	25
26	11489	26
27	11490	27
28	11491	28
29	11492	29
30	11493	30
31	11494	31
32	11495	32
33	11496	33
34	11497	34
35	11503	35
36	11509	36
37	11510	37
38	11511	38
39	11512	39
40	11516	40
41	11518	41
42	11519	42
43	11520	43
44	11521	44
45	11522	45
46	11527	46
47	11528	47
48	11529	48
49	11532	49
50	11533	50
51	11538	51
52	11540	52
53	11546	53
54	11547	54
55	11549	55
56	11551	56
57	11552	57
58	11553	58
59	11554	59
60	11555	60
61	11556	61
62	11557	62
63	11558	63
64	11559	64
65	11560	65
66	11561	66
67	11562	67
68	11563	68
69	11564	69
70	11565	70
71	11567	71
72	11569	72
73	11570	73
74	11573	74
75	11574	75
76	11575	76
77	11576	77
78	11577	78
79	11578	79
80	11579	80
81	11580	81
82	11581	82
83	11582	83
84	11583	84
85	11584	85
86	11587	86
87	11591	87
88	11594	88
89	11595	89
90	11596	90
91	11599	91
92	11600	92
93	11601	93
94	11602	94
95	11603	95
96	11604	96
97	11605	97
98	11607	98
99	11608	99
100	11609	100
101	11610	101
102	11613	102
103	11614	103
104	11615	104
105	11616	105
106	11617	106
107	11618	107
108	11619	108
109	11620	109
110	11621	110
111	11623	111
112	11624	112
113	11627	113
114	11628	114
115	11638	115
116	11643	116
117	11652	117
118	11653	118
119	11654	119
120	11655	120
121	11656	121
122	11662	122
123	11664	123
124	11668	124
125	11669	125
126	11673	126
127	11675	127
128	11687	128
129	11688	129
130	11691	130
131	11693	131
132	11695	132
133	11696	133
134	11697	134
135	11698	135
136	11701	136
137	11703	137
138	11704	138
139	11705	139
140	11706	140
141	11707	141
142	11708	142
143	11710	143
144	11719	144
145	11720	145
146	11721	146
147	11722	147
148	11723	148
149	11725	149
150	11727	150
151	11731	151
152	11732	152
153	11734	153
154	11735	154
155	11736	155
156	11742	156
157	11754	157
158	11757	158
159	11759	159
160	11760	160
161	11761	161
162	11764	162
163	11773	163
164	11775	164
165	11776	165
166	11777	166
167	11783	167
168	11785	168
169	11787	169
170	11793	170
171	11794	171
172	11795	172
173	11796	173
174	11797	174
175	11799	175
176	11804	176
177	11805	177
178	11809	178
179	11810	179
180	11811	180
181	11812	181
182	11813	182
183	11814	183
184	11815	184
185	11816	185
186	11818	186
187	11819	187
188	11823	188
189	11824	189
190	11826	190
191	11828	191
192	11831	192
193	11832	193
194	11833	194
195	11834	195
196	11838	196
197	11839	197
198	11841	198
199	11842	199
200	11845	200
201	11846	201
202	11847	202
203	11848	203
204	11849	204
205	11853	205
206	11859	206
207	11860	207
208	11861	208
209	11862	209
210	11863	210
211	11868	211
212	11871	212
213	11874	213
214	11875	214
215	11876	215
216	11877	216
217	11878	217
218	11879	218
219	11884	219
220	11886	220
221	11887	221
222	11889	222
223	11892	223
224	11895	224
225	11897	225
226	11898	226
227	11899	227
228	11904	228
229	11905	229
230	11906	230
231	11909	231
232	11910	232
233	11911	233
234	11912	234
235	11913	235
236	11914	236
237	11915	237
238	11916	238
239	11919	239
240	11923	240
241	11924	241
242	11925	242
243	11927	243
244	11928	244
245	11930	245
246	11931	246
247	11932	247
248	11934	248
249	11935	249
250	11936	250
251	11938	251
252	11940	252
253	11943	253
254	11944	254
255	11947	255
256	11948	256
257	11949	257
258	11950	258
259	11951	259
260	11952	260
261	11953	261
262	11954	262
263	11955	263
264	11956	264
265	11957	265
266	11960	266
267	11962	267
268	11964	268
269	11965	269
270	11971	270
271	11972	271
272	11973	272
273	11976	273
274	11978	274
275	11979	275
276	11980	276
277	11989	277
278	11990	278
279	11999	279
280	12000	280
281	12002	281
282	12003	282
283	12005	283
284	12010	284
285	12020	285
286	12021	286
287	12022	287
288	12023	288
289	12024	289
290	12025	290
291	12026	291
292	12027	292
293	12028	293
294	12029	294
295	12031	295
296	12036	296
297	12037	297
298	12040	298
299	12042	299
300	12043	300
301	12044	301
302	12051	302
303	12052	303
304	12053	304
305	12054	305
306	12055	306
307	12057	307
308	12058	308
309	12059	309
310	12060	310
311	12061	311
312	12062	312
313	12063	313
314	12066	314
315	12067	315
316	12068	316
317	12070	317
318	12073	318
319	12075	319
320	12078	320
321	12079	321
322	12083	322
323	12090	323
324	12092	324
325	12093	325
326	12094	326
327	12095	327
328	12096	328
329	12097	329
330	12100	330
331	12101	331
332	12102	332
333	12103	333
334	12104	334
335	12106	335
336	12111	336
337	12112	337
338	12113	338
339	12114	339
340	12118	340
341	12121	341
342	12122	342
343	12123	343
344	12124	344
345	12125	345
346	12126	346
347	12127	347
348	12128	348
349	12129	349
350	12130	350
351	12131	351
352	12134	352
353	12137	353
354	12139	354
355	12140	355
356	12141	356
357	12142	357
358	12143	358
359	12144	359
360	12146	360
361	12147	361
362	12154	362
363	12160	363
364	12161	364
365	12162	365
366	12163	366
367	12169	367
368	12170	368
369	12172	369
370	12180	370
371	12182	371
372	12183	372
373	12184	373
374	12189	374
375	12197	375
376	12198	376
377	12199	377
378	12200	378
379	12202	379
380	12204	380
381	12208	381
382	12209	382
383	12215	383
384	12216	384
385	12217	385
386	12223	386
387	12224	387
388	12226	388
389	12227	389
390	12229	390
391	12234	391
392	12238	392
393	12239	393
394	12241	394
395	12242	395
396	12243	396
397	12246	397
398	12247	398
399	12250	399
400	12252	400
401	12253	401
402	12254	402
403	12256	403
404	12259	404
405	12260	405
406	12261	406
407	12262	407
408	12267	408
409	12268	409
410	12269	410
411	12271	411
412	12272	412
413	12273	413
414	12274	414
415	12275	415
416	12276	416
417	12277	417
418	12278	418
419	12279	419
420	12280	420
421	12281	421
422	12284	422
423	12285	423
424	12286	424
425	12290	425
426	12294	426
427	12296	427
428	12299	428
429	12300	429
430	12303	430
431	12304	431
432	12305	432
433	12306	433
434	12307	434
435	12311	435
436	12314	436
437	12315	437
438	12316	438
439	12317	439
440	12319	440
441	12322	441
442	12323	442
443	12328	443
444	12330	444
445	12334	445
446	12339	446
447	12342	447
448	12343	448
449	12344	449
450	12345	450
451	12346	451
452	12347	452
453	12348	453
454	12349	454
455	12353	455
456	12354	456
457	12355	457
458	12356	458
459	12357	459
460	12358	460
461	12359	461
462	12361	462
463	12367	463
464	12368	464
465	12370	465
466	12373	466
467	12374	467
468	12377	468
469	12379	469
470	12380	470
471	12381	471
472	12382	472
473	12383	473
474	12387	474
475	12388	475
476	12389	476
477	12390	477
478	12392	478
479	12394	479
480	12396	480
481	12399	481
482	12400	482
483	12403	483
484	12404	484
485	12406	485
486	12409	486
487	12410	487
488	12412	488
489	12415	489
490	12419	490
491	12420	491
492	12422	492
493	12423	493
494	12424	494
495	12425	495
496	12427	496
497	12428	497
498	12430	498
499	12432	499
500	12434	500
501	12435	501
502	12437	502
503	12440	503
504	12441	504
505	12442	505
506	12443	506
507	12445	507
508	12449	508
509	12450	509
510	12454	510
511	12455	511
512	12457	512
513	12459	513
514	12460	514
515	12461	515
516	12462	516
517	12463	517
518	12464	518
519	12466	519
520	12471	520
521	12472	521
522	12473	522
523	12476	523
524	12480	524
525	12482	525
526	12483	526
527	12487	527
528	12491	528
529	12493	529
530	12498	530
531	12499	531
532	12500	532
533	12501	533
534	12502	534
535	12503	535
536	12506	536
537	12507	537
538	12509	538
539	12511	539
540	12514	540
541	12515	541
542	12521	542
543	12522	543
544	12524	544
545	12527	545
546	12528	546
547	12532	547
548	12534	548
549	12535	549
550	12537	550
551	12541	551
552	12543	552
553	12544	553
554	12546	554
555	12549	555
556	12550	556
557	12552	557
558	12553	558
559	12554	559
560	12555	560
561	12556	561
562	12557	562
563	12558	563
564	12559	564
565	12560	565
566	12561	566
567	12562	567
568	12563	568
569	12564	569
570	12565	570
571	12567	571
572	12568	572
573	12569	573
574	12576	574
575	12580	575
576	12582	576
577	12583	577
578	12586	578
579	12588	579
580	12589	580
581	12592	581
582	12594	582
583	12596	583
584	12598	584
585	12600	585
586	12601	586
587	12602	587
588	12605	588
589	12606	589
590	12608	590
591	12610	591
592	12611	592
593	12612	593
594	12613	594
595	12614	595
596	12615	596
597	12616	597
598	12617	598
599	12619	599
600	12622	600
601	12623	601
602	12627	602
603	12628	603
604	12629	604
605	12631	605
606	12632	606
607	12635	607
608	12636	608
609	12637	609
610	12640	610
611	12641	611
612	12645	612
613	12646	613
614	12647	614
615	12648	615
616	12652	616
617	12653	617
618	12654	618
619	12658	619
620	12659	620
621	12661	621
622	12662	622
623	12665	623
624	12671	624
625	12672	625
626	12675	626
627	12676	627
628	12677	628
629	12678	629
630	12679	630
631	12680	631
632	12682	632
633	12685	633
634	12687	634
635	12688	635
636	12689	636
637	12691	637
638	12692	638
639	12694	639
640	12695	640
641	12696	641
642	12697	642
643	12699	643
644	12700	644
645	12701	645
646	12703	646
647	12707	647
648	12712	648
649	12717	649
650	12720	650
651	12721	651
652	12725	652
653	12726	653
654	12727	654
655	12732	655
656	12734	656
657	12735	657
658	12737	658
659	12738	659
660	12740	660
661	12742	661
662	12743	662
663	12744	663
664	12745	664
665	12746	665
666	12747	666
667	12748	667
668	12750	668
669	12751	669
670	12753	670
671	12755	671
672	12756	672
673	12758	673
674	12760	674
675	12762	675
676	12764	676
677	12766	677
678	12768	678
679	12770	679
680	12771	680
681	12772	681
682	12773	682
683	12775	683
684	12777	684
685	12778	685
686	12784	686
687	12786	687
688	12787	688
689	12788	689
690	12789	690
691	12792	691
692	12793	692
693	12794	693
694	12795	694
695	12801	695
696	12802	696
697	12803	697
698	12810	698
699	12811	699
700	12812	700
701	12816	701
702	12818	702
703	12821	703
704	12822	704
705	12824	705
706	12830	706
707	12831	707
708	12832	708
709	12833	709
710	12835	710
711	12841	711
712	12847	712
713	12848	713
714	12849	714
715	12850	715
716	12851	716
717	12853	717
718	12854	718
719	12855	719
720	12860	720
721	12862	721
722	12863	722
723	12864	723
724	12865	724
725	12866	725
726	12867	726
727	12868	727
728	12870	728
729	12873	729
730	12875	730
731	12878	731
732	12879	732
733	12881	733
734	12882	734
735	12884	735
736	12885	736
737	12886	737
738	12887	738
739	12892	739
740	12893	740
741	12897	741
742	12898	742
743	12901	743
744	12904	744
745	12905	745
746	12906	746
747	12907	747
748	12908	748
749	12910	749
750	12911	750
751	12913	751
752	12914	752
753	12915	753
754	12916	754
755	12919	755
756	12920	756
757	12921	757
758	12924	758
759	12926	759
760	12927	760
761	12930	761
762	12931	762
763	12932	763
764	12934	764
765	12937	765
766	12938	766
767	12940	767
768	12946	768
769	12948	769
770	12949	770
771	12953	771
772	12955	772
773	12956	773
774	12957	774
775	12958	775
776	12959	776
777	12961	777
778	12966	778
779	12967	779
780	12968	780
781	12971	781
782	12972	782
783	12973	783
784	12974	784
785	12975	785
786	12976	786
787	12977	787
788	12978	788
789	12979	789
790	12980	790
791	12982	791
792	12983	792
793	12984	793
794	12985	794
795	12989	795
796	12991	796
797	12992	797
798	12998	798
799	12999	799
800	13000	800
801	13005	801
802	13007	802
803	13008	803
804	13014	804
805	13015	805
806	13016	806
807	13017	807
808	13018	808
809	13020	809
810	13021	810
811	13023	811
812	13024	812
813	13026	813
814	13028	814
815	13029	815
816	13031	816
817	13032	817
818	13034	818
819	13037	819
820	13038	820
821	13039	821
822	13040	822
823	13041	823
824	13043	824
825	13046	825
826	13047	826
827	13049	827
828	13050	828
829	13051	829
830	13052	830
831	13053	831
832	13054	832
833	13055	833
834	13056	834
835	13057	835
836	13059	836
837	13060	837
838	13061	838
839	13062	839
840	13066	840
841	13068	841
842	13069	842
843	13071	843
844	13072	844
845	13076	845
846	13078	846
847	13080	847
848	13082	848
849	13085	849
850	13088	850
851	13092	851
852	13093	852
853	13094	853
854	13096	854
855	13097	855
856	13099	856
857	13102	857
858	13103	858
859	13104	859
860	13105	860
861	13106	861
862	13107	862
863	13108	863
864	13111	864
865	13112	865
866	13114	866
867	13116	867
868	13118	868
869	13119	869
870	13120	870
871	13121	871
872	13122	872
873	13123	873
874	13124	874
875	13125	875
876	13126	876
877	13130	877
878	13138	878
879	13139	879
880	13141	880
881	13143	881
882	13144	882
883	13145	883
884	13146	884
885	13158	885
886	13160	886
887	13161	887
888	13162	888
889	13163	889
890	13165	890
891	13166	891
892	13167	892
893	13168	893
894	13169	894
895	13170	895
896	13171	896
897	13172	897
898	13173	898
899	13174	899
900	13175	900
901	13176	901
902	13178	902
903	13179	903
904	13180	904
905	13181	905
906	13182	906
907	13183	907
908	13184	908
909	13186	909
910	13187	910
911	13188	911
912	13189	912
913	13190	913
914	13191	914
915	13192	915
916	13193	916
917	13194	917
918	13195	918
919	13196	919
920	13197	920
921	13199	921
922	13200	922
923	13201	923
924	13202	924
925	13203	925
926	13204	926
927	13206	927
928	13207	928
929	13209	929
930	13211	930
931	13214	931
932	13216	932
933	13221	933
934	13224	934
935	13225	935
936	13226	936
937	13227	937
938	13228	938
939	13229	939
940	13230	940
941	13231	941
942	13232	942
943	13233	943
944	13234	944
945	13236	945
946	13237	946
947	13238	947
948	13239	948
949	13240	949
950	13241	950
951	13242	951
952	13243	952
953	13245	953
954	13246	954
955	13253	955
956	13255	956
957	13256	957
958	13258	958
959	13259	959
960	13260	960
961	13261	961
962	13262	962
963	13264	963
964	13266	964
965	13268	965
966	13269	966
967	13270	967
968	13272	968
969	13274	969
970	13276	970
971	13277	971
972	13278	972
973	13281	973
974	13284	974
975	13285	975
976	13288	976
977	13289	977
978	13292	978
979	13298	979
980	13299	980
981	13300	981
982	13301	982
983	13302	983
984	13310	984
985	13313	985
986	13315	986
987	13317	987
988	13318	988
989	13321	989
990	13322	990
991	13323	991
992	13324	992
993	13326	993
994	13327	994
995	13328	995
996	13329	996
997	13330	997
998	13332	998
999	13337	999
1000	13338	1000
1001	13339	1001
1002	13340	1002
1003	13341	1003
1004	13342	1004
1005	13343	1005
1006	13344	1006
1007	13345	1007
1008	13350	1008
1009	13352	1009
1010	13353	1010
1011	13359	1011
1012	13360	1012
1013	13362	1013
1014	13363	1014
1015	13365	1015
1016	13367	1016
1017	13368	1017
1018	13369	1018
1019	13370	1019
1020	13371	1020
1021	13372	1021
1022	13374	1022
1023	13376	1023
1024	13381	1024
1025	13382	1025
1026	13388	1026
1027	13389	1027
1028	13390	1028
1029	13392	1029
1030	13396	1030
1031	13398	1031
1032	13400	1032
1033	13401	1033
1034	13402	1034
1035	13403	1035
1036	13404	1036
1037	13406	1037
1038	13407	1038
1039	13408	1039
1040	13409	1040
1041	13410	1041
1042	13411	1042
1043	13413	1043
1044	13414	1044
1045	13415	1045
1046	13417	1046
1047	13418	1047
1048	13419	1048
1049	13420	1049
1050	13422	1050
1051	13423	1051
1052	13424	1052
1053	13427	1053
1054	13428	1054
1055	13429	1055
1056	13430	1056
1057	13431	1057
1058	13433	1058
1059	13445	1059
1060	13446	1060
1061	13448	1061
1062	13449	1062
1063	13450	1063
1064	13451	1064
1065	13452	1065
1066	13453	1066
1067	13456	1067
1068	13460	1068
1069	13461	1069
1070	13463	1070
1071	13464	1071
1072	13465	1072
1073	13466	1073
1074	13469	1074
1075	13470	1075
1076	13471	1076
1077	13472	1077
1078	13473	1078
1079	13479	1079
1080	13481	1080
1081	13482	1081
1082	13483	1082
1083	13485	1083
1084	13486	1084
1085	13487	1085
1086	13489	1086
1087	13490	1087
1088	13494	1088
1089	13495	1089
1090	13501	1090
1091	13502	1091
1092	13503	1092
1093	13504	1093
1094	13506	1094
1095	13507	1095
1096	13508	1096
1097	13511	1097
1098	13512	1098
1099	13513	1099
1100	13514	1100
1101	13515	1101
1102	13516	1102
1103	13517	1103
1104	13519	1104
1105	13520	1105
1106	13521	1106
1107	13523	1107
1108	13524	1108
1109	13526	1109
1110	13528	1110
1111	13529	1111
1112	13532	1112
1113	13533	1113
1114	13534	1114
1115	13535	1115
1116	13536	1116
1117	13542	1117
1118	13543	1118
1119	13544	1119
1120	13545	1120
1121	13546	1121
1122	13547	1122
1123	13548	1123
1124	13549	1124
1125	13550	1125
1126	13551	1126
1127	13552	1127
1128	13553	1128
1129	13554	1129
1130	13555	1130
1131	13556	1131
1132	13557	1132
1133	13560	1133
1134	13561	1134
1135	13562	1135
1136	13565	1136
1137	13569	1137
1138	13570	1138
1139	13571	1139
1140	13572	1140
1141	13573	1141
1142	13574	1142
1143	13575	1143
1144	13576	1144
1145	13577	1145
1146	13583	1146
1147	13585	1147
1148	13587	1148
1149	13589	1149
1150	13591	1150
1151	13593	1151
1152	13595	1152
1153	13596	1153
1154	13603	1154
1155	13606	1155
1156	13610	1156
1157	13611	1157
1158	13612	1158
1159	13613	1159
1160	13614	1160
1161	13615	1161
1162	13619	1162
1163	13620	1163
1164	13621	1164
1165	13623	1165
1166	13624	1166
1167	13626	1167
1168	13628	1168
1169	13629	1169
1170	13631	1170
1171	13632	1171
1172	13633	1172
1173	13634	1173
1174	13635	1174
1175	13636	1175
1176	13637	1176
1177	13638	1177
1178	13639	1178
1179	13654	1179
1180	13655	1180
1181	13656	1181
1182	13657	1182
1183	13659	1183
1184	13660	1184
1185	13662	1185
1186	13664	1186
1187	13665	1187
1188	13666	1188
1189	13667	1189
1190	13670	1190
1191	13671	1191
1192	13672	1192
1193	13674	1193
1194	13675	1194
1195	13676	1195
1196	13677	1196
1197	13678	1197
1198	13679	1198
1199	13681	1199
1200	13682	1200
1201	13683	1201
1202	13684	1202
1203	13685	1203
1204	13686	1204
1205	13687	1205
1206	13688	1206
1207	13689	1207
1208	13694	1208
1209	13695	1209
1210	13696	1210
1211	13698	1211
1212	13699	1212
1213	13701	1213
1214	13704	1214
1215	13706	1215
1216	13708	1216
1217	13712	1217
1218	13713	1218
1219	13719	1219
1220	13721	1220
1221	13722	1221
1222	13723	1222
1223	13724	1223
1224	13725	1224
1225	13726	1225
1226	13727	1226
1227	13728	1227
1228	13729	1228
1229	13730	1229
1230	13732	1230
1231	13733	1231
1232	13734	1232
1233	13735	1233
1234	13736	1234
1235	13737	1235
1236	13738	1236
1237	13739	1237
1238	13740	1238
1239	13743	1239
1240	13744	1240
1241	13746	1241
1242	13748	1242
1243	13750	1243
1244	13751	1244
1245	13754	1245
1246	13755	1246
1247	13756	1247
1248	13757	1248
1249	13758	1249
1250	13759	1250
1251	13760	1251
1252	13761	1252
1253	13765	1253
1254	13766	1254
1255	13767	1255
1256	13768	1256
1257	13769	1257
1258	13770	1258
1259	13771	1259
1260	13773	1260
1261	13774	1261
1262	13775	1262
1263	13777	1263
1264	13780	1264
1265	13783	1265
1266	13784	1266
1267	13786	1267
1268	13787	1268
1269	13789	1269
1270	13790	1270
1271	13791	1271
1272	13792	1272
1273	13793	1273
1274	13795	1274
1275	13797	1275
1276	13798	1276
1277	13799	1277
1278	13801	1278
1279	13805	1279
1280	13807	1280
1281	13808	1281
1282	13809	1282
1283	13811	1283
1284	13812	1284
1285	13813	1285
1286	13814	1286
1287	13816	1287
1288	13820	1288
1289	13821	1289
1290	13822	1290
1291	13823	1291
1292	13824	1292
1293	13825	1293
1294	13829	1294
1295	13831	1295
1296	13833	1296
1297	13834	1297
1298	13835	1298
1299	13836	1299
1300	13837	1300
1301	13839	1301
1302	13841	1302
1303	13842	1303
1304	13843	1304
1305	13847	1305
1306	13852	1306
1307	13853	1307
1308	13854	1308
1309	13855	1309
1310	13856	1310
1311	13857	1311
1312	13859	1312
1313	13862	1313
1314	13863	1314
1315	13865	1315
1316	13868	1316
1317	13871	1317
1318	13873	1318
1319	13874	1319
1320	13877	1320
1321	13879	1321
1322	13880	1322
1323	13881	1323
1324	13883	1324
1325	13889	1325
1326	13893	1326
1327	13894	1327
1328	13895	1328
1329	13896	1329
1330	13897	1330
1331	13898	1331
1332	13900	1332
1333	13902	1333
1334	13904	1334
1335	13905	1335
1336	13907	1336
1337	13908	1337
1338	13909	1338
1339	13912	1339
1340	13914	1340
1341	13916	1341
1342	13918	1342
1343	13919	1343
1344	13921	1344
1345	13922	1345
1346	13923	1346
1347	13924	1347
1348	13925	1348
1349	13926	1349
1350	13927	1350
1351	13928	1351
1352	13929	1352
1353	13930	1353
1354	13931	1354
1355	13932	1355
1356	13933	1356
1357	13934	1357
1358	13935	1358
1359	13936	1359
1360	13938	1360
1361	13939	1361
1362	13940	1362
1363	13941	1363
1364	13942	1364
1365	13943	1365
1366	13948	1366
1367	13949	1367
1368	13950	1368
1369	13951	1369
1370	13952	1370
1371	13953	1371
1372	13955	1372
1373	13956	1373
1374	13958	1374
1375	13962	1375
1376	13966	1376
1377	13967	1377
1378	13969	1378
1379	13978	1379
1380	13981	1380
1381	13982	1381
1382	13983	1382
1383	13986	1383
1384	13987	1384
1385	13990	1385
1386	13992	1386
1387	13994	1387
1388	13997	1388
1389	13998	1389
1390	13999	1390
1391	14000	1391
1392	14004	1392
1393	14006	1393
1394	14008	1394
1395	14009	1395
1396	14014	1396
1397	14017	1397
1398	14020	1398
1399	14022	1399
1400	14023	1400
1401	14024	1401
1402	14026	1402
1403	14027	1403
1404	14028	1404
1405	14030	1405
1406	14031	1406
1407	14032	1407
1408	14033	1408
1409	14034	1409
1410	14035	1410
1411	14036	1411
1412	14037	1412
1413	14038	1413
1414	14039	1414
1415	14040	1415
1416	14042	1416
1417	14043	1417
1418	14044	1418
1419	14046	1419
1420	14048	1420
1421	14051	1421
1422	14052	1422
1423	14053	1423
1424	14054	1424
1425	14055	1425
1426	14056	1426
1427	14057	1427
1428	14058	1428
1429	14059	1429
1430	14060	1430
1431	14062	1431
1432	14063	1432
1433	14069	1433
1434	14071	1434
1435	14073	1435
1436	14074	1436
1437	14075	1437
1438	14077	1438
1439	14078	1439
1440	14083	1440
1441	14086	1441
1442	14087	1442
1443	14090	1443
1444	14091	1444
1445	14092	1445
1446	14093	1446
1447	14094	1447
1448	14103	1448
1449	14104	1449
1450	14105	1450
1451	14106	1451
1452	14107	1452
1453	14108	1453
1454	14111	1454
1455	14112	1455
1456	14113	1456
1457	14114	1457
1458	14115	1458
1459	14116	1459
1460	14117	1460
1461	14119	1461
1462	14120	1462
1463	14121	1463
1464	14123	1464
1465	14124	1465
1466	14126	1466
1467	14127	1467
1468	14128	1468
1469	14130	1469
1470	14131	1470
1471	14132	1471
1472	14133	1472
1473	14134	1473
1474	14135	1474
1475	14136	1475
1476	14137	1476
1477	14138	1477
1478	14139	1478
1479	14140	1479
1480	14142	1480
1481	14143	1481
1482	14147	1482
1483	14150	1483
1484	14151	1484
1485	14153	1485
1486	14154	1486
1487	14155	1487
1488	14156	1488
1489	14157	1489
1490	14158	1490
1491	14159	1491
1492	14161	1492
1493	14164	1493
1494	14165	1494
1495	14166	1495
1496	14167	1496
1497	14168	1497
1498	14169	1498
1499	14170	1499
1500	14171	1500
1501	14172	1501
1502	14173	1502
1503	14174	1503
1504	14175	1504
1505	14180	1505
1506	14181	1506
1507	14183	1507
1508	14184	1508
1509	14185	1509
1510	14186	1510
1511	14188	1511
1512	14190	1512
1513	14192	1513
1514	14194	1514
1515	14195	1515
1516	14198	1516
1517	14199	1517
1518	14200	1518
1519	14202	1519
1520	14206	1520
1521	14208	1521
1522	14209	1522
1523	14210	1523
1524	14211	1524
1525	14213	1525
1526	14214	1526
1527	14215	1527
1528	14218	1528
1529	14220	1529
1530	14221	1530
1531	14222	1531
1532	14224	1532
1533	14225	1533
1534	14226	1534
1535	14227	1535
1536	14228	1536
1537	14229	1537
1538	14230	1538
1539	14232	1539
1540	14233	1540
1541	14237	1541
1542	14241	1542
1543	14242	1543
1544	14243	1544
1545	14244	1545
1546	14246	1546
1547	14247	1547
1548	14248	1548
1549	14250	1549
1550	14251	1550
1551	14254	1551
1552	14256	1552
1553	14257	1553
1554	14258	1554
1555	14259	1555
1556	14260	1556
1557	14261	1557
1558	14263	1558
1559	14264	1559
1560	14266	1560
1561	14267	1561
1562	14269	1562
1563	14270	1563
1564	14271	1564
1565	14275	1565
1566	14277	1566
1567	14278	1567
1568	14280	1568
1569	14281	1569
1570	14283	1570
1571	14284	1571
1572	14285	1572
1573	14289	1573
1574	14291	1574
1575	14292	1575
1576	14293	1576
1577	14297	1577
1578	14298	1578
1579	14299	1579
1580	14301	1580
1581	14302	1581
1582	14304	1582
1583	14310	1583
1584	14311	1584
1585	14312	1585
1586	14313	1586
1587	14314	1587
1588	14316	1588
1589	14317	1589
1590	14328	1590
1591	14329	1591
1592	14330	1592
1593	14332	1593
1594	14336	1594
1595	14338	1595
1596	14341	1596
1597	14343	1597
1598	14344	1598
1599	14345	1599
1600	14346	1600
1601	14347	1601
1602	14348	1602
1603	14349	1603
1604	14350	1604
1605	14351	1605
1606	14354	1606
1607	14355	1607
1608	14356	1608
1609	14357	1609
1610	14358	1610
1611	14359	1611
1612	14360	1612
1613	14361	1613
1614	14363	1614
1615	14364	1615
1616	14365	1616
1617	14366	1617
1618	14368	1618
1619	14369	1619
1620	14370	1620
1621	14372	1621
1622	14375	1622
1623	14377	1623
1624	14378	1624
1625	14379	1625
1626	14384	1626
1627	14385	1627
1628	14386	1628
1629	14388	1629
1630	14389	1630
1631	14391	1631
1632	14395	1632
1633	14396	1633
1634	14403	1634
1635	14415	1635
1636	14416	1636
1637	14427	1637
1638	14428	1638
1639	14431	1639
1640	14432	1640
1641	14433	1641
1642	14435	1642
1643	14436	1643
1644	14441	1644
1645	14442	1645
1646	14443	1646
1647	14451	1647
1648	14453	1648
1649	14456	1649
1650	14457	1650
1651	14458	1651
1652	14459	1652
1653	14461	1653
1654	14462	1654
1655	14465	1655
1656	14466	1656
1657	14469	1657
1658	14471	1658
1659	14474	1659
1660	14475	1660
1661	14478	1661
1662	14479	1662
1663	14481	1663
1664	14482	1664
1665	14483	1665
1666	14484	1666
1667	14485	1667
1668	14486	1668
1669	14487	1669
1670	14489	1670
1671	14490	1671
1672	14491	1672
1673	14492	1673
1674	14493	1674
1675	14494	1675
1676	14495	1676
1677	14496	1677
1678	14498	1678
1679	14499	1679
1680	14503	1680
1681	14504	1681
1682	14505	1682
1683	14507	1683
1684	14508	1684
1685	14510	1685
1686	14511	1686
1687	14512	1687
1688	14517	1688
1689	14519	1689
1690	14521	1690
1691	14522	1691
1692	14524	1692
1693	14529	1693
1694	14533	1694
1695	14535	1695
1696	14537	1696
1697	14538	1697
1698	14539	1698
1699	14540	1699
1700	14541	1700
1701	14542	1701
1702	14543	1702
1703	14548	1703
1704	14553	1704
1705	14554	1705
1706	14555	1706
1707	14556	1707
1708	14557	1708
1709	14560	1709
1710	14561	1710
1711	14562	1711
1712	14563	1712
1713	14564	1713
1714	14565	1714
1715	14566	1715
1716	14567	1716
1717	14570	1717
1718	14572	1718
1719	14576	1719
1720	14577	1720
1721	14578	1721
1722	14582	1722
1723	14585	1723
1724	14587	1724
1725	14588	1725
1726	14589	1726
1727	14590	1727
1728	14592	1728
1729	14594	1729
1730	14596	1730
1731	14597	1731
1732	14598	1732
1733	14599	1733
1734	14600	1734
1735	14601	1735
1736	14602	1736
1737	14603	1737
1738	14604	1738
1739	14605	1739
1740	14606	1740
1741	14607	1741
1742	14608	1742
1743	14610	1743
1744	14611	1744
1745	14612	1745
1746	14614	1746
1747	14615	1747
1748	14617	1748
1749	14619	1749
1750	14623	1750
1751	14624	1751
1752	14625	1752
1753	14629	1753
1754	14632	1754
1755	14633	1755
1756	14636	1756
1757	14638	1757
1758	14640	1758
1759	14643	1759
1760	14644	1760
1761	14648	1761
1762	14649	1762
1763	14651	1763
1764	14652	1764
1765	14653	1765
1766	14657	1766
1767	14658	1767
1768	14659	1768
1769	14660	1769
1770	14662	1770
1771	14664	1771
1772	14665	1772
1773	14667	1773
1774	14669	1774
1775	14670	1775
1776	14672	1776
1777	14673	1777
1778	14674	1778
1779	14675	1779
1780	14678	1780
1781	14679	1781
1782	14680	1782
1783	14681	1783
1784	14682	1784
1785	14683	1785
1786	14684	1786
1787	14686	1787
1788	14687	1788
1789	14688	1789
1790	14692	1790
1791	14696	1791
1792	14697	1792
1793	14698	1793
1794	14704	1794
1795	14705	1795
1796	14706	1796
1797	14707	1797
1798	14711	1798
1799	14714	1799
1800	14715	1800
1801	14718	1801
1802	14720	1802
1803	14722	1803
1804	14723	1804
1805	14726	1805
1806	14730	1806
1807	14732	1807
1808	14736	1808
1809	14738	1809
1810	14739	1810
1811	14740	1811
1812	14746	1812
1813	14747	1813
1814	14748	1814
1815	14749	1815
1816	14750	1816
1817	14751	1817
1818	14752	1818
1819	14756	1819
1820	14758	1820
1821	14760	1821
1822	14761	1822
1823	14762	1823
1824	14764	1824
1825	14768	1825
1826	14770	1826
1827	14772	1827
1828	14773	1828
1829	14774	1829
1830	14775	1830
1831	14777	1831
1832	14778	1832
1833	14779	1833
1834	14781	1834
1835	14782	1835
1836	14783	1836
1837	14785	1837
1838	14786	1838
1839	14787	1839
1840	14788	1840
1841	14789	1841
1842	14790	1842
1843	14791	1843
1844	14792	1844
1845	14793	1845
1846	14794	1846
1847	14801	1847
1848	14802	1848
1849	14804	1849
1850	14805	1850
1851	14807	1851
1852	14809	1852
1853	14810	1853
1854	14811	1854
1855	14815	1855
1856	14817	1856
1857	14819	1857
1858	14820	1858
1859	14823	1859
1860	14824	1860
1861	14826	1861
1862	14827	1862
1863	14828	1863
1864	14829	1864
1865	14830	1865
1866	14832	1866
1867	14833	1867
1868	14834	1868
1869	14837	1869
1870	14839	1870
1871	14840	1871
1872	14841	1872
1873	14843	1873
1874	14844	1874
1875	14845	1875
1876	14847	1876
1877	14848	1877
1878	14849	1878
1879	14850	1879
1880	14851	1880
1881	14852	1881
1882	14854	1882
1883	14855	1883
1884	14856	1884
1885	14857	1885
1886	14858	1886
1887	14859	1887
1888	14860	1888
1889	14861	1889
1890	14862	1890
1891	14863	1891
1892	14867	1892
1893	14868	1893
1894	14870	1894
1895	14871	1895
1896	14872	1896
1897	14873	1897
1898	14875	1898
1899	14876	1899
1900	14878	1900
1901	14879	1901
1902	14881	1902
1903	14882	1903
1904	14886	1904
1905	14888	1905
1906	14889	1906
1907	14890	1907
1908	14891	1908
1909	14893	1909
1910	14896	1910
1911	14897	1911
1912	14898	1912
1913	14899	1913
1914	14900	1914
1915	14904	1915
1916	14906	1916
1917	14909	1917
1918	14910	1918
1919	14911	1919
1920	14912	1920
1921	14914	1921
1922	14915	1922
1923	14917	1923
1924	14919	1924
1925	14920	1925
1926	14921	1926
1927	14923	1927
1928	14924	1928
1929	14926	1929
1930	14927	1930
1931	14928	1931
1932	14929	1932
1933	14930	1933
1934	14933	1934
1935	14934	1935
1936	14936	1936
1937	14937	1937
1938	14939	1938
1939	14940	1939
1940	14941	1940
1941	14942	1941
1942	14943	1942
1943	14944	1943
1944	14945	1944
1945	14947	1945
1946	14948	1946
1947	14949	1947
1948	14950	1948
1949	14954	1949
1950	14956	1950
1951	14957	1951
1952	14958	1952
1953	14959	1953
1954	14961	1954
1955	14963	1955
1956	14964	1956
1957	14965	1957
1958	14966	1958
1959	14968	1959
1960	14969	1960
1961	14971	1961
1962	14973	1962
1963	14974	1963
1964	14975	1964
1965	14976	1965
1966	14980	1966
1967	14982	1967
1968	14984	1968
1969	14985	1969
1970	14986	1970
1971	14987	1971
1972	14988	1972
1973	14989	1973
1974	14990	1974
1975	14991	1975
1976	14992	1976
1977	14998	1977
1978	14999	1978
1979	15000	1979
1980	15001	1980
1981	15002	1981
1982	15003	1982
1983	15004	1983
1984	15005	1984
1985	15006	1985
1986	15007	1986
1987	15008	1987
1988	15009	1988
1989	15010	1989
1990	15011	1990
1991	15012	1991
1992	15013	1992
1993	15014	1993
1994	15015	1994
1995	15016	1995
1996	15019	1996
1997	15020	1997
1998	15021	1998
1999	15022	1999
2000	15023	2000
2001	15027	2001
2002	15029	2002
2003	15030	2003
2004	15031	2004
2005	15038	2005
2006	15039	2006
2007	15042	2007
2008	15043	2008
2009	15045	2009
2010	15050	2010
2011	15052	2011
2012	15053	2012
2013	15055	2013
2014	15058	2014
2015	15060	2015
2016	15062	2016
2017	15064	2017
2018	15066	2018
2019	15068	2019
2020	15069	2020
2021	15071	2021
2022	15072	2022
2023	15074	2023
2024	15076	2024
2025	15077	2025
2026	15078	2026
2027	15079	2027
2028	15080	2028
2029	15082	2029
2030	15083	2030
2031	15084	2031
2032	15085	2032
2033	15086	2033
2034	15087	2034
2035	15089	2035
2036	15093	2036
2037	15094	2037
2038	15095	2038
2039	15098	2039
2040	15101	2040
2041	15102	2041
2042	15103	2042
2043	15105	2043
2044	15106	2044
2045	15108	2045
2046	15109	2046
2047	15110	2047
2048	15111	2048
2049	15112	2049
2050	15113	2050
2051	15114	2051
2052	15116	2052
2053	15117	2053
2054	15120	2054
2055	15121	2055
2056	15122	2056
2057	15123	2057
2058	15124	2058
2059	15126	2059
2060	15127	2060
2061	15128	2061
2062	15129	2062
2063	15130	2063
2064	15131	2064
2065	15132	2065
2066	15134	2066
2067	15135	2067
2068	15137	2068
2069	15138	2069
2070	15139	2070
2071	15140	2071
2072	15141	2072
2073	15144	2073
2074	15145	2074
2075	15146	2075
2076	15147	2076
2077	15149	2077
2078	15150	2078
2079	15151	2079
2080	15152	2080
2081	15153	2081
2082	15154	2082
2083	15155	2083
2084	15156	2084
2085	15157	2085
2086	15158	2086
2087	15159	2087
2088	15161	2088
2089	15162	2089
2090	15164	2090
2091	15165	2091
2092	15166	2092
2093	15167	2093
2094	15168	2094
2095	15171	2095
2096	15172	2096
2097	15173	2097
2098	15175	2098
2099	15176	2099
2100	15179	2100
2101	15180	2101
2102	15184	2102
2103	15185	2103
2104	15186	2104
2105	15188	2105
2106	15189	2106
2107	15190	2107
2108	15192	2108
2109	15194	2109
2110	15195	2110
2111	15196	2111
2112	15199	2112
2113	15200	2113
2114	15201	2114
2115	15202	2115
2116	15203	2116
2117	15205	2117
2118	15208	2118
2119	15209	2119
2120	15211	2120
2121	15212	2121
2122	15213	2122
2123	15214	2123
2124	15215	2124
2125	15217	2125
2126	15219	2126
2127	15220	2127
2128	15221	2128
2129	15222	2129
2130	15224	2130
2131	15225	2131
2132	15226	2132
2133	15227	2133
2134	15228	2134
2135	15230	2135
2136	15231	2136
2137	15232	2137
2138	15233	2138
2139	15234	2139
2140	15235	2140
2141	15237	2141
2142	15238	2142
2143	15239	2143
2144	15241	2144
2145	15242	2145
2146	15244	2146
2147	15246	2147
2148	15247	2148
2149	15248	2149
2150	15249	2150
2151	15250	2151
2152	15251	2152
2153	15252	2153
2154	15253	2154
2155	15254	2155
2156	15255	2156
2157	15257	2157
2158	15258	2158
2159	15261	2159
2160	15263	2160
2161	15264	2161
2162	15265	2162
2163	15266	2163
2164	15267	2164
2165	15268	2165
2166	15269	2166
2167	15270	2167
2168	15273	2168
2169	15274	2169
2170	15275	2170
2171	15277	2171
2172	15278	2172
2173	15279	2173
2174	15280	2174
2175	15282	2175
2176	15283	2176
2177	15285	2177
2178	15286	2178
2179	15287	2179
2180	15288	2180
2181	15289	2181
2182	15290	2182
2183	15293	2183
2184	15294	2184
2185	15295	2185
2186	15296	2186
2187	15297	2187
2188	15298	2188
2189	15299	2189
2190	15300	2190
2191	15301	2191
2192	15302	2192
2193	15305	2193
2194	15306	2194
2195	15307	2195
2196	15308	2196
2197	15310	2197
2198	15311	2198
2199	15312	2199
2200	15314	2200
2201	15315	2201
2202	15316	2202
2203	15317	2203
2204	15319	2204
2205	15320	2205
2206	15322	2206
2207	15323	2207
2208	15325	2208
2209	15326	2209
2210	15327	2210
2211	15329	2211
2212	15332	2212
2213	15333	2213
2214	15335	2214
2215	15339	2215
2216	15342	2216
2217	15343	2217
2218	15344	2218
2219	15345	2219
2220	15346	2220
2221	15347	2221
2222	15348	2222
2223	15349	2223
2224	15350	2224
2225	15351	2225
2226	15352	2226
2227	15354	2227
2228	15355	2228
2229	15357	2229
2230	15358	2230
2231	15359	2231
2232	15361	2232
2233	15363	2233
2234	15364	2234
2235	15365	2235
2236	15366	2236
2237	15367	2237
2238	15368	2238
2239	15370	2239
2240	15372	2240
2241	15373	2241
2242	15374	2242
2243	15377	2243
2244	15384	2244
2245	15385	2245
2246	15386	2246
2247	15387	2247
2248	15392	2248
2249	15394	2249
2250	15396	2250
2251	15400	2251
2252	15401	2252
2253	15402	2253
2254	15403	2254
2255	15404	2255
2256	15405	2256
2257	15406	2257
2258	15407	2258
2259	15413	2259
2260	15417	2260
2261	15418	2261
2262	15421	2262
2263	15424	2263
2264	15425	2264
2265	15426	2265
2266	15427	2266
2267	15428	2267
2268	15429	2268
2269	15430	2269
2270	15431	2270
2271	15432	2271
2272	15433	2272
2273	15434	2273
2274	15435	2274
2275	15436	2275
2276	15438	2276
2277	15444	2277
2278	15446	2278
2279	15447	2279
2280	15448	2280
2281	15449	2281
2282	15452	2282
2283	15456	2283
2284	15457	2284
2285	15459	2285
2286	15460	2286
2287	15461	2287
2288	15462	2288
2289	15465	2289
2290	15466	2290
2291	15467	2291
2292	15468	2292
2293	15471	2293
2294	15473	2294
2295	15474	2295
2296	15475	2296
2297	15476	2297
2298	15477	2298
2299	15478	2299
2300	15480	2300
2301	15481	2301
2302	15482	2302
2303	15483	2303
2304	15485	2304
2305	15486	2305
2306	15489	2306
2307	15491	2307
2308	15492	2308
2309	15493	2309
2310	15494	2310
2311	15495	2311
2312	15496	2312
2313	15497	2313
2314	15498	2314
2315	15499	2315
2316	15500	2316
2317	15501	2317
2318	15502	2318
2319	15503	2319
2320	15504	2320
2321	15505	2321
2322	15506	2322
2323	15508	2323
2324	15511	2324
2325	15514	2325
2326	15515	2326
2327	15516	2327
2328	15517	2328
2329	15519	2329
2330	15527	2330
2331	15532	2331
2332	15534	2332
2333	15536	2333
2334	15537	2334
2335	15538	2335
2336	15543	2336
2337	15545	2337
2338	15548	2338
2339	15553	2339
2340	15558	2340
2341	15559	2341
2342	15560	2342
2343	15561	2343
2344	15562	2344
2345	15563	2345
2346	15564	2346
2347	15565	2347
2348	15568	2348
2349	15569	2349
2350	15572	2350
2351	15573	2351
2352	15574	2352
2353	15575	2353
2354	15576	2354
2355	15579	2355
2356	15580	2356
2357	15581	2357
2358	15584	2358
2359	15586	2359
2360	15587	2360
2361	15588	2361
2362	15589	2362
2363	15590	2363
2364	15592	2364
2365	15595	2365
2366	15596	2366
2367	15597	2367
2368	15598	2368
2369	15600	2369
2370	15603	2370
2371	15604	2371
2372	15605	2372
2373	15606	2373
2374	15607	2374
2375	15608	2375
2376	15609	2376
2377	15610	2377
2378	15611	2378
2379	15612	2379
2380	15613	2380
2381	15614	2381
2382	15615	2382
2383	15616	2383
2384	15617	2384
2385	15618	2385
2386	15619	2386
2387	15620	2387
2388	15621	2388
2389	15622	2389
2390	15623	2390
2391	15624	2391
2392	15625	2392
2393	15626	2393
2394	15627	2394
2395	15628	2395
2396	15629	2396
2397	15630	2397
2398	15633	2398
2399	15637	2399
2400	15638	2400
2401	15639	2401
2402	15640	2402
2403	15642	2403
2404	15644	2404
2405	15645	2405
2406	15646	2406
2407	15647	2407
2408	15648	2408
2409	15649	2409
2410	15651	2410
2411	15652	2411
2412	15654	2412
2413	15656	2413
2414	15657	2414
2415	15658	2415
2416	15659	2416
2417	15660	2417
2418	15661	2418
2419	15664	2419
2420	15665	2420
2421	15667	2421
2422	15668	2422
2423	15669	2423
2424	15670	2424
2425	15673	2425
2426	15676	2426
2427	15677	2427
2428	15678	2428
2429	15680	2429
2430	15681	2430
2431	15682	2431
2432	15683	2432
2433	15684	2433
2434	15685	2434
2435	15686	2435
2436	15688	2436
2437	15695	2437
2438	15697	2438
2439	15699	2439
2440	15700	2440
2441	15702	2441
2442	15705	2442
2443	15707	2443
2444	15709	2444
2445	15712	2445
2446	15715	2446
2447	15716	2447
2448	15717	2448
2449	15719	2449
2450	15720	2450
2451	15722	2451
2452	15728	2452
2453	15730	2453
2454	15731	2454
2455	15732	2455
2456	15734	2456
2457	15735	2457
2458	15736	2458
2459	15737	2459
2460	15738	2460
2461	15739	2461
2462	15741	2462
2463	15742	2463
2464	15744	2464
2465	15745	2465
2466	15747	2466
2467	15749	2467
2468	15751	2468
2469	15753	2469
2470	15754	2470
2471	15755	2471
2472	15756	2472
2473	15757	2473
2474	15758	2474
2475	15759	2475
2476	15760	2476
2477	15762	2477
2478	15768	2478
2479	15769	2479
2480	15771	2480
2481	15772	2481
2482	15773	2482
2483	15774	2483
2484	15776	2484
2485	15777	2485
2486	15778	2486
2487	15779	2487
2488	15780	2488
2489	15781	2489
2490	15782	2490
2491	15783	2491
2492	15784	2492
2493	15785	2493
2494	15786	2494
2495	15788	2495
2496	15789	2496
2497	15790	2497
2498	15791	2498
2499	15792	2499
2500	15795	2500
2501	15796	2501
2502	15798	2502
2503	15799	2503
2504	15802	2504
2505	15803	2505
2506	15804	2506
2507	15805	2507
2508	15806	2508
2509	15807	2509
2510	15808	2510
2511	15810	2511
2512	15812	2512
2513	15813	2513
2514	15814	2514
2515	15816	2515
2516	15818	2516
2517	15820	2517
2518	15822	2518
2519	15824	2519
2520	15825	2520
2521	15826	2521
2522	15828	2522
2523	15829	2523
2524	15833	2524
2525	15835	2525
2526	15838	2526
2527	15839	2527
2528	15841	2528
2529	15842	2529
2530	15845	2530
2531	15847	2531
2532	15849	2532
2533	15850	2533
2534	15851	2534
2535	15853	2535
2536	15854	2536
2537	15855	2537
2538	15856	2538
2539	15860	2539
2540	15861	2540
2541	15862	2541
2542	15863	2542
2543	15866	2543
2544	15869	2544
2545	15870	2545
2546	15871	2546
2547	15872	2547
2548	15874	2548
2549	15875	2549
2550	15876	2550
2551	15882	2551
2552	15884	2552
2553	15886	2553
2554	15888	2554
2555	15889	2555
2556	15890	2556
2557	15892	2557
2558	15893	2558
2559	15894	2559
2560	15895	2560
2561	15896	2561
2562	15897	2562
2563	15898	2563
2564	15899	2564
2565	15900	2565
2566	15901	2566
2567	15902	2567
2568	15904	2568
2569	15907	2569
2570	15908	2570
2571	15909	2571
2572	15911	2572
2573	15913	2573
2574	15915	2574
2575	15916	2575
2576	15917	2576
2577	15918	2577
2578	15919	2578
2579	15920	2579
2580	15921	2580
2581	15924	2581
2582	15925	2582
2583	15928	2583
2584	15929	2584
2585	15931	2585
2586	15932	2586
2587	15937	2587
2588	15939	2588
2589	15940	2589
2590	15942	2590
2591	15943	2591
2592	15945	2592
2593	15947	2593
2594	15948	2594
2595	15949	2595
2596	15950	2596
2597	15952	2597
2598	15955	2598
2599	15956	2599
2600	15958	2600
2601	15959	2601
2602	15960	2602
2603	15962	2603
2604	15963	2604
2605	15966	2605
2606	15967	2606
2607	15968	2607
2608	15969	2608
2609	15970	2609
2610	15971	2610
2611	15972	2611
2612	15973	2612
2613	15974	2613
2614	15975	2614
2615	15980	2615
2616	15983	2616
2617	15985	2617
2618	15989	2618
2619	15990	2619
2620	15992	2620
2621	15993	2621
2622	15994	2622
2623	15995	2623
2624	15996	2624
2625	15997	2625
2626	15999	2626
2627	16000	2627
2628	16001	2628
2629	16002	2629
2630	16003	2630
2631	16004	2631
2632	16006	2632
2633	16007	2633
2634	16008	2634
2635	16009	2635
2636	16010	2636
2637	16011	2637
2638	16012	2638
2639	16013	2639
2640	16016	2640
2641	16017	2641
2642	16018	2642
2643	16019	2643
2644	16021	2644
2645	16022	2645
2646	16023	2646
2647	16025	2647
2648	16026	2648
2649	16027	2649
2650	16028	2650
2651	16030	2651
2652	16031	2652
2653	16032	2653
2654	16033	2654
2655	16034	2655
2656	16035	2656
2657	16036	2657
2658	16037	2658
2659	16039	2659
2660	16042	2660
2661	16045	2661
2662	16046	2662
2663	16048	2663
2664	16049	2664
2665	16050	2665
2666	16051	2666
2667	16052	2667
2668	16054	2668
2669	16058	2669
2670	16060	2670
2671	16061	2671
2672	16063	2672
2673	16065	2673
2674	16066	2674
2675	16067	2675
2676	16069	2676
2677	16071	2677
2678	16072	2678
2679	16073	2679
2680	16074	2680
2681	16075	2681
2682	16077	2682
2683	16079	2683
2684	16080	2684
2685	16081	2685
2686	16082	2686
2687	16083	2687
2688	16084	2688
2689	16085	2689
2690	16086	2690
2691	16087	2691
2692	16088	2692
2693	16090	2693
2694	16091	2694
2695	16098	2695
2696	16100	2696
2697	16102	2697
2698	16105	2698
2699	16108	2699
2700	16109	2700
2701	16110	2701
2702	16111	2702
2703	16112	2703
2704	16113	2704
2705	16115	2705
2706	16116	2706
2707	16118	2707
2708	16120	2708
2709	16121	2709
2710	16122	2710
2711	16123	2711
2712	16124	2712
2713	16125	2713
2714	16126	2714
2715	16127	2715
2716	16128	2716
2717	16129	2717
2718	16130	2718
2719	16131	2719
2720	16132	2720
2721	16133	2721
2722	16134	2722
2723	16135	2723
2724	16136	2724
2725	16138	2725
2726	16140	2726
2727	16146	2727
2728	16147	2728
2729	16150	2729
2730	16151	2730
2731	16152	2731
2732	16153	2732
2733	16154	2733
2734	16155	2734
2735	16156	2735
2736	16159	2736
2737	16160	2737
2738	16161	2738
2739	16162	2739
2740	16164	2740
2741	16165	2741
2742	16167	2742
2743	16170	2743
2744	16171	2744
2745	16172	2745
2746	16173	2746
2747	16175	2747
2748	16176	2748
2749	16177	2749
2750	16178	2750
2751	16179	2751
2752	16180	2752
2753	16182	2753
2754	16185	2754
2755	16186	2755
2756	16187	2756
2757	16188	2757
2758	16189	2758
2759	16192	2759
2760	16193	2760
2761	16194	2761
2762	16195	2762
2763	16196	2763
2764	16197	2764
2765	16198	2765
2766	16199	2766
2767	16202	2767
2768	16203	2768
2769	16204	2769
2770	16205	2770
2771	16206	2771
2772	16207	2772
2773	16208	2773
2774	16209	2774
2775	16210	2775
2776	16211	2776
2777	16213	2777
2778	16218	2778
2779	16220	2779
2780	16222	2780
2781	16223	2781
2782	16225	2782
2783	16229	2783
2784	16230	2784
2785	16231	2785
2786	16233	2786
2787	16235	2787
2788	16236	2788
2789	16237	2789
2790	16238	2790
2791	16239	2791
2792	16240	2792
2793	16241	2793
2794	16243	2794
2795	16247	2795
2796	16250	2796
2797	16251	2797
2798	16253	2798
2799	16255	2799
2800	16257	2800
2801	16259	2801
2802	16260	2802
2803	16261	2803
2804	16263	2804
2805	16264	2805
2806	16269	2806
2807	16271	2807
2808	16272	2808
2809	16275	2809
2810	16276	2810
2811	16277	2811
2812	16278	2812
2813	16279	2813
2814	16280	2814
2815	16281	2815
2816	16282	2816
2817	16283	2817
2818	16285	2818
2819	16286	2819
2820	16287	2820
2821	16289	2821
2822	16290	2822
2823	16291	2823
2824	16292	2824
2825	16294	2825
2826	16295	2826
2827	16296	2827
2828	16297	2828
2829	16298	2829
2830	16299	2830
2831	16300	2831
2832	16301	2832
2833	16302	2833
2834	16303	2834
2835	16304	2835
2836	16305	2836
2837	16307	2837
2838	16308	2838
2839	16309	2839
2840	16310	2840
2841	16311	2841
2842	16312	2842
2843	16314	2843
2844	16315	2844
2845	16316	2845
2846	16317	2846
2847	16318	2847
2848	16319	2848
2849	16320	2849
2850	16321	2850
2851	16322	2851
2852	16323	2852
2853	16325	2853
2854	16326	2854
2855	16327	2855
2856	16328	2856
2857	16329	2857
2858	16330	2858
2859	16331	2859
2860	16333	2860
2861	16334	2861
2862	16336	2862
2863	16338	2863
2864	16339	2864
2865	16340	2865
2866	16341	2866
2867	16344	2867
2868	16345	2868
2869	16346	2869
2870	16347	2870
2871	16348	2871
2872	16349	2872
2873	16350	2873
2874	16351	2874
2875	16353	2875
2876	16354	2876
2877	16355	2877
2878	16357	2878
2879	16358	2879
2880	16359	2880
2881	16360	2881
2882	16361	2882
2883	16362	2883
2884	16363	2884
2885	16364	2885
2886	16365	2886
2887	16366	2887
2888	16367	2888
2889	16368	2889
2890	16369	2890
2891	16370	2891
2892	16372	2892
2893	16373	2893
2894	16376	2894
2895	16378	2895
2896	16380	2896
2897	16381	2897
2898	16382	2898
2899	16384	2899
2900	16385	2900
2901	16387	2901
2902	16388	2902
2903	16390	2903
2904	16391	2904
2905	16392	2905
2906	16393	2906
2907	16395	2907
2908	16396	2908
2909	16397	2909
2910	16400	2910
2911	16401	2911
2912	16402	2912
2913	16403	2913
2914	16405	2914
2915	16407	2915
2916	16409	2916
2917	16410	2917
2918	16411	2918
2919	16412	2919
2920	16413	2920
2921	16414	2921
2922	16417	2922
2923	16419	2923
2924	16422	2924
2925	16423	2925
2926	16425	2926
2927	16426	2927
2928	16427	2928
2929	16428	2929
2930	16430	2930
2931	16431	2931
2932	16432	2932
2933	16433	2933
2934	16434	2934
2935	16435	2935
2936	16436	2936
2937	16437	2937
2938	16439	2938
2939	16441	2939
2940	16442	2940
2941	16443	2941
2942	16444	2942
2943	16445	2943
2944	16447	2944
2945	16451	2945
2946	16454	2946
2947	16459	2947
2948	16460	2948
2949	16462	2949
2950	16463	2950
2951	16465	2951
2952	16467	2952
2953	16470	2953
2954	16471	2954
2955	16472	2955
2956	16473	2956
2957	16477	2957
2958	16479	2958
2959	16480	2959
2960	16482	2960
2961	16483	2961
2962	16484	2962
2963	16486	2963
2964	16487	2964
2965	16489	2965
2966	16490	2966
2967	16491	2967
2968	16492	2968
2969	16498	2969
2970	16499	2970
2971	16500	2971
2972	16501	2972
2973	16502	2973
2974	16504	2974
2975	16506	2975
2976	16507	2976
2977	16510	2977
2978	16515	2978
2979	16518	2979
2980	16523	2980
2981	16527	2981
2982	16528	2982
2983	16532	2983
2984	16538	2984
2985	16540	2985
2986	16541	2986
2987	16542	2987
2988	16543	2988
2989	16547	2989
2990	16551	2990
2991	16552	2991
2992	16561	2992
2993	16563	2993
2994	16564	2994
2995	16567	2995
2996	16570	2996
2997	16573	2997
2998	16579	2998
2999	16585	2999
3000	16591	3000
3001	16596	3001
3002	16600	3002
3003	16613	3003
3004	16614	3004
3005	16615	3005
3006	16616	3006
3007	16617	3007
3008	16619	3008
3009	16620	3009
3010	16624	3010
3011	16625	3011
3012	16628	3012
3013	16639	3013
3014	16642	3014
3015	16644	3015
3016	16647	3016
3017	16649	3017
3018	16651	3018
3019	16652	3019
3020	16655	3020
3021	16656	3021
3022	16657	3022
3023	16658	3023
3024	16661	3024
3025	16664	3025
3026	16669	3026
3027	16671	3027
3028	16672	3028
3029	16676	3029
3030	16677	3030
3031	16679	3031
3032	16681	3032
3033	16682	3033
3034	16684	3034
3035	16686	3035
3036	16687	3036
3037	16692	3037
3038	16693	3038
3039	16694	3039
3040	16698	3040
3041	16700	3041
3042	16701	3042
3043	16702	3043
3044	16706	3044
3045	16710	3045
3046	16712	3046
3047	16713	3047
3048	16714	3048
3049	16716	3049
3050	16718	3050
3051	16725	3051
3052	16726	3052
3053	16729	3053
3054	16730	3054
3055	16731	3055
3056	16734	3056
3057	16735	3057
3058	16736	3058
3059	16737	3059
3060	16738	3060
3061	16740	3061
3062	16742	3062
3063	16744	3063
3064	16746	3064
3065	16747	3065
3066	16748	3066
3067	16750	3067
3068	16751	3068
3069	16753	3069
3070	16754	3070
3071	16756	3071
3072	16761	3072
3073	16766	3073
3074	16768	3074
3075	16770	3075
3076	16772	3076
3077	16773	3077
3078	16774	3078
3079	16776	3079
3080	16777	3080
3081	16779	3081
3082	16780	3082
3083	16783	3083
3084	16787	3084
3085	16788	3085
3086	16789	3086
3087	16790	3087
3088	16791	3088
3089	16807	3089
3090	16808	3090
3091	16815	3091
3092	16816	3092
3093	16821	3093
3094	16823	3094
3095	16827	3095
3096	16829	3096
3097	16831	3097
3098	16836	3098
3099	16837	3099
3100	16850	3100
3101	16854	3101
3102	16860	3102
3103	16863	3103
3104	16865	3104
3105	16866	3105
3106	16874	3106
3107	16878	3107
3108	16879	3108
3109	16884	3109
3110	16886	3110
3111	16888	3111
3112	16889	3112
3113	16891	3113
3114	16892	3114
3115	16894	3115
3116	16895	3116
3117	16896	3117
3118	16898	3118
3119	16902	3119
3120	16908	3120
3121	16910	3121
3122	16913	3122
3123	16915	3123
3124	16918	3124
3125	16919	3125
3126	16920	3126
3127	16921	3127
3128	16922	3128
3129	16923	3129
3130	16924	3130
3131	16925	3131
3132	16928	3132
3133	16929	3133
3134	16930	3134
3135	16931	3135
3136	16933	3136
3137	16941	3137
3138	16943	3138
3139	16944	3139
3140	16946	3140
3141	16947	3141
3142	16951	3142
3143	16952	3143
3144	16954	3144
3145	16955	3145
3146	16956	3146
3147	16957	3147
3148	16959	3148
3149	16960	3149
3150	16961	3150
3151	16962	3151
3152	16963	3152
3153	16966	3153
3154	16967	3154
3155	16968	3155
3156	16971	3156
3157	16972	3157
3158	16974	3158
3159	16976	3159
3160	16977	3160
3161	16978	3161
3162	16987	3162
3163	16988	3163
3164	16989	3164
3165	16990	3165
3166	16991	3166
3167	16992	3167
3168	16993	3168
3169	16996	3169
3170	17001	3170
3171	17004	3171
3172	17005	3172
3173	17007	3173
3174	17008	3174
3175	17009	3175
3176	17011	3176
3177	17012	3177
3178	17013	3178
3179	17021	3179
3180	17023	3180
3181	17024	3181
3182	17025	3182
3183	17026	3183
3184	17027	3184
3185	17028	3185
3186	17030	3186
3187	17034	3187
3188	17036	3188
3189	17037	3189
3190	17038	3190
3191	17042	3191
3192	17046	3192
3193	17048	3193
3194	17052	3194
3195	17053	3195
3196	17054	3196
3197	17055	3197
3198	17057	3198
3199	17058	3199
3200	17059	3200
3201	17060	3201
3202	17063	3202
3203	17064	3203
3204	17066	3204
3205	17067	3205
3206	17069	3206
3207	17070	3207
3208	17074	3208
3209	17075	3209
3210	17077	3210
3211	17078	3211
3212	17081	3212
3213	17082	3213
3214	17083	3214
3215	17084	3215
3216	17085	3216
3217	17088	3217
3218	17089	3218
3219	17090	3219
3220	17094	3220
3221	17095	3221
3222	17098	3222
3223	17100	3223
3224	17103	3224
3225	17108	3225
3226	17109	3226
3227	17110	3227
3228	17111	3228
3229	17113	3229
3230	17114	3230
3231	17116	3231
3232	17117	3232
3233	17120	3233
3234	17121	3234
3235	17123	3235
3236	17125	3236
3237	17128	3237
3238	17132	3238
3239	17134	3239
3240	17135	3240
3241	17141	3241
3242	17142	3242
3243	17149	3243
3244	17150	3244
3245	17153	3245
3246	17158	3246
3247	17159	3247
3248	17160	3248
3249	17161	3249
3250	17163	3250
3251	17164	3251
3252	17165	3252
3253	17167	3253
3254	17168	3254
3255	17169	3255
3256	17172	3256
3257	17173	3257
3258	17176	3258
3259	17180	3259
3260	17181	3260
3261	17182	3261
3262	17183	3262
3263	17184	3263
3264	17185	3264
3265	17186	3265
3266	17187	3266
3267	17189	3267
3268	17190	3268
3269	17193	3269
3270	17195	3270
3271	17197	3271
3272	17199	3272
3273	17200	3273
3274	17203	3274
3275	17207	3275
3276	17208	3276
3277	17215	3277
3278	17216	3278
3279	17218	3279
3280	17219	3280
3281	17220	3281
3282	17223	3282
3283	17224	3283
3284	17231	3284
3285	17233	3285
3286	17234	3286
3287	17235	3287
3288	17241	3288
3289	17254	3289
3290	17257	3290
3291	17261	3291
3292	17263	3292
3293	17264	3293
3294	17265	3294
3295	17266	3295
3296	17267	3296
3297	17269	3297
3298	17271	3298
3299	17272	3299
3300	17273	3300
3301	17276	3301
3302	17277	3302
3303	17279	3303
3304	17281	3304
3305	17282	3305
3306	17285	3306
3307	17287	3307
3308	17290	3308
3309	17291	3309
3310	17301	3310
3311	17302	3311
3312	17304	3312
3313	17308	3313
3314	17309	3314
3315	17313	3315
3316	17318	3316
3317	17325	3317
3318	17326	3318
3319	17327	3319
3320	17328	3320
3321	17329	3321
3322	17330	3322
3323	17331	3323
3324	17332	3324
3325	17333	3325
3326	17334	3326
3327	17337	3327
3328	17338	3328
3329	17339	3329
3330	17341	3330
3331	17343	3331
3332	17345	3332
3333	17346	3333
3334	17350	3334
3335	17354	3335
3336	17355	3336
3337	17356	3337
3338	17358	3338
3339	17363	3339
3340	17364	3340
3341	17365	3341
3342	17366	3342
3343	17367	3343
3344	17369	3344
3345	17371	3345
3346	17372	3346
3347	17373	3347
3348	17376	3348
3349	17381	3349
3350	17383	3350
3351	17384	3351
3352	17387	3352
3353	17388	3353
3354	17390	3354
3355	17391	3355
3356	17395	3356
3357	17396	3357
3358	17399	3358
3359	17400	3359
3360	17401	3360
3361	17402	3361
3362	17403	3362
3363	17404	3363
3364	17409	3364
3365	17410	3365
3366	17414	3366
3367	17415	3367
3368	17416	3368
3369	17417	3369
3370	17418	3370
3371	17419	3371
3372	17420	3372
3373	17421	3373
3374	17422	3374
3375	17423	3375
3376	17424	3376
3377	17426	3377
3378	17431	3378
3379	17436	3379
3380	17438	3380
3381	17439	3381
3382	17440	3382
3383	17442	3383
3384	17443	3384
3385	17444	3385
3386	17445	3386
3387	17448	3387
3388	17449	3388
3389	17451	3389
3390	17452	3390
3391	17453	3391
3392	17454	3392
3393	17455	3393
3394	17456	3394
3395	17457	3395
3396	17458	3396
3397	17461	3397
3398	17462	3398
3399	17464	3399
3400	17465	3400
3401	17467	3401
3402	17468	3402
3403	17469	3403
3404	17470	3404
3405	17471	3405
3406	17472	3406
3407	17473	3407
3408	17474	3408
3409	17478	3409
3410	17480	3410
3411	17481	3411
3412	17483	3412
3413	17484	3413
3414	17485	3414
3415	17487	3415
3416	17489	3416
3417	17490	3417
3418	17491	3418
3419	17492	3419
3420	17493	3420
3421	17494	3421
3422	17496	3422
3423	17497	3423
3424	17498	3424
3425	17501	3425
3426	17504	3426
3427	17505	3427
3428	17506	3428
3429	17508	3429
3430	17510	3430
3431	17521	3431
3432	17522	3432
3433	17523	3433
3434	17527	3434
3435	17541	3435
3436	17543	3436
3437	17545	3437
3438	17546	3438
3439	17549	3439
3440	17550	3440
3441	17551	3441
3442	17554	3442
3443	17555	3443
3444	17556	3444
3445	17563	3445
3446	17564	3446
3447	17565	3447
3448	17566	3448
3449	17567	3449
3450	17569	3450
3451	17571	3451
3452	17572	3452
3453	17576	3453
3454	17579	3454
3455	17581	3455
3456	17585	3456
3457	17587	3457
3458	17594	3458
3459	17596	3459
3460	17599	3460
3461	17601	3461
3462	17603	3462
3463	17608	3463
3464	17611	3464
3465	17615	3465
3466	17618	3466
3467	17620	3467
3468	17621	3468
3469	17622	3469
3470	17623	3470
3471	17624	3471
3472	17625	3472
3473	17626	3473
3474	17627	3474
3475	17628	3475
3476	17633	3476
3477	17634	3477
3478	17635	3478
3479	17637	3479
3480	17638	3480
3481	17641	3481
3482	17642	3482
3483	17644	3483
3484	17650	3484
3485	17663	3485
3486	17664	3486
3487	17665	3487
3488	17679	3488
3489	17680	3489
3490	17681	3490
3491	17687	3491
3492	17689	3492
3493	17690	3493
3494	17692	3494
3495	17694	3495
3496	17695	3496
3497	17696	3497
3498	17697	3498
3499	17699	3499
3500	17700	3500
3501	17707	3501
3502	17710	3502
3503	17711	3503
3504	17715	3504
3505	17721	3505
3506	17726	3506
3507	17728	3507
3508	17729	3508
3509	17731	3509
3510	17732	3510
3511	17734	3511
3512	17736	3512
3513	17737	3513
3514	17739	3514
3515	17743	3515
3516	17745	3516
3517	17748	3517
3518	17750	3518
3519	17753	3519
3520	17754	3520
3521	17755	3521
3522	17759	3522
3523	17760	3523
3524	17761	3524
3525	17763	3525
3526	17778	3526
3527	17783	3527
3528	17785	3528
3529	17786	3529
3530	17788	3530
3531	17789	3531
3532	17791	3532
3533	17796	3533
3534	17797	3534
3535	17801	3535
3536	17804	3536
3537	17810	3537
3538	17813	3538
3539	17814	3539
3540	17815	3540
3541	17817	3541
3542	17820	3542
3543	17822	3543
3544	17825	3544
3545	17826	3545
3546	17827	3546
3547	17830	3547
3548	17836	3548
3549	17838	3549
3550	17843	3550
3551	17845	3551
3552	17846	3552
3553	17847	3553
3554	17848	3554
3555	17849	3555
3556	17851	3556
3557	17857	3557
3558	17863	3558
3559	17866	3559
3560	17874	3560
3561	17875	3561
3562	17876	3562
3563	17879	3563
3564	17880	3564
3565	17883	3565
3566	17891	3566
3567	17892	3567
3568	17894	3568
3569	17895	3569
3570	17896	3570
3571	17897	3571
3572	17899	3572
3573	17905	3573
3574	17906	3574
3575	17908	3575
3576	17911	3576
3577	17916	3577
3578	17917	3578
3579	17921	3579
3580	17931	3580
3581	17936	3581
3582	17938	3582
3583	17940	3583
3584	17942	3584
3585	17944	3585
3586	17945	3586
3587	17946	3587
3588	17947	3588
3589	17949	3589
3590	17951	3590
3591	17952	3591
3592	17953	3592
3593	17958	3593
3594	17960	3594
3595	17962	3595
3596	17964	3596
3597	17972	3597
3598	17977	3598
3599	17978	3599
3600	17980	3600
3601	17984	3601
3602	17987	3602
3603	17990	3603
3604	17991	3604
3605	17992	3605
3606	17996	3606
3607	17998	3607
3608	18000	3608
3609	18005	3609
3610	18008	3610
3611	18009	3611
3612	18013	3612
3613	18014	3613
3614	18017	3614
3615	18020	3615
3616	18023	3616
3617	18024	3617
3618	18025	3618
3619	18027	3619
3620	18028	3620
3621	18029	3621
3622	18030	3622
3623	18031	3623
3624	18036	3624
3625	18037	3625
3626	18038	3626
3627	18039	3627
3628	18040	3628
3629	18041	3629
3630	18045	3630
3631	18048	3631
3632	18051	3632
3633	18053	3633
3634	18054	3634
3635	18058	3635
3636	18065	3636
3637	18066	3637
3638	18067	3638
3639	18069	3639
3640	18070	3640
3641	18071	3641
3642	18072	3642
3643	18076	3643
3644	18077	3644
3645	18079	3645
3646	18081	3646
3647	18084	3647
3648	18085	3648
3649	18088	3649
3650	18089	3650
3651	18090	3651
3652	18092	3652
3653	18094	3653
3654	18095	3654
3655	18097	3655
3656	18098	3656
3657	18100	3657
3658	18101	3658
3659	18102	3659
3660	18103	3660
3661	18107	3661
3662	18108	3662
3663	18109	3663
3664	18112	3664
3665	18117	3665
3666	18119	3666
3667	18123	3667
3668	18126	3668
3669	18128	3669
3670	18129	3670
3671	18133	3671
3672	18137	3672
3673	18139	3673
3674	18141	3674
3675	18147	3675
3676	18152	3676
3677	18153	3677
3678	18154	3678
3679	18156	3679
3680	18157	3680
3681	18159	3681
3682	18162	3682
3683	18163	3683
3684	18164	3684
3685	18165	3685
3686	18166	3686
3687	18168	3687
3688	18171	3688
3689	18176	3689
3690	18179	3690
3691	18181	3691
3692	18183	3692
3693	18185	3693
3694	18187	3694
3695	18189	3695
3696	18190	3696
3697	18194	3697
3698	18195	3698
3699	18196	3699
3700	18199	3700
3701	18201	3701
3702	18203	3702
3703	18204	3703
3704	18205	3704
3705	18207	3705
3706	18209	3706
3707	18210	3707
3708	18211	3708
3709	18217	3709
3710	18218	3710
3711	18220	3711
3712	18221	3712
3713	18228	3713
3714	18231	3714
3715	18233	3715
3716	18234	3716
3717	18235	3717
3718	18236	3718
3719	18237	3719
3720	18238	3720
3721	18239	3721
3722	18240	3722
3723	18246	3723
3724	18248	3724
3725	18250	3725
3726	18251	3726
3727	18253	3727
3728	18254	3728
3729	18257	3729
3730	18260	3730
3731	18261	3731
3732	18262	3732
3733	18265	3733
3734	18268	3734
3735	18270	3735
3736	18271	3736
3737	18272	3737
3738	18273	3738
3739	18274	3739
3740	18281	3740
3741	18282	3741
3742	18283	3742
3743	18285	3743
3744	18286	3744
3745	18287	3745
3746	18289	3746
3747	18292	3747
3748	18294	3748
3749	18298	3749
3750	18301	3750
3751	18303	3751
3752	18305	3752
3753	18306	3753
3754	18308	3754
3755	18315	3755
3756	18316	3756
3757	18318	3757
3758	18321	3758
3759	18326	3759
3760	18330	3760
3761	18332	3761
3762	18333	3762
3763	18334	3763
3764	18335	3764
3765	18336	3765
3766	18337	3766
3767	18338	3767
3768	18339	3768
3769	18340	3769
3770	18341	3770
3771	18342	3771
3772	18344	3772
3773	18345	3773
3774	18347	3774
3775	18361	3775
3776	18363	3776
3777	18365	3777
3778	18368	3778
3779	18371	3779
3780	18372	3780
3781	18373	3781
3782	18377	3782
3783	18379	3783
3784	18380	3784
3785	18382	3785
3786	18389	3786
3787	18396	3787
3788	18397	3788
3789	18398	3789
3790	18402	3790
3791	18408	3791
3792	18409	3792
3793	18410	3793
3794	18412	3794
3795	18414	3795
3796	18417	3796
3797	18419	3797
3798	18420	3798
3799	18422	3799
3800	18428	3800
3801	18429	3801
3802	18431	3802
3803	18435	3803
3804	18436	3804
3805	18440	3805
3806	18441	3806
3807	18442	3807
3808	18444	3808
3809	18445	3809
3810	18447	3810
3811	18448	3811
3812	18449	3812
3813	18450	3813
3814	18451	3814
3815	18454	3815
3816	18458	3816
3817	18459	3817
3818	18461	3818
3819	18462	3819
3820	18463	3820
3821	18464	3821
3822	18466	3822
3823	18468	3823
3824	18470	3824
3825	18473	3825
3826	18474	3826
3827	18475	3827
3828	18476	3828
3829	18481	3829
3830	18482	3830
3831	18489	3831
3832	18490	3832
3833	18498	3833
3834	18500	3834
3835	18504	3835
3836	18506	3836
3837	18508	3837
3838	18509	3838
3839	18511	3839
3840	18512	3840
3841	18513	3841
3842	18516	3842
3843	18517	3843
3844	18519	3844
3845	18520	3845
3846	18523	3846
3847	18526	3847
3848	18531	3848
3849	18538	3849
3850	18539	3850
3851	18541	3851
3852	18542	3852
3853	18547	3853
3854	18548	3854
3855	18553	3855
3856	18561	3856
3857	18562	3857
3858	18564	3858
3859	18567	3859
3860	18568	3860
3861	18569	3861
3862	18571	3862
3863	18574	3863
3864	18580	3864
3865	18581	3865
3866	18582	3866
3867	18586	3867
3868	18589	3868
3869	18592	3869
3870	18593	3870
3871	18594	3871
3872	18595	3872
3873	18596	3873
3874	18597	3874
3875	18598	3875
3876	18599	3876
3877	18600	3877
3878	18601	3878
3879	18604	3879
3880	18605	3880
3881	18608	3881
3882	18609	3882
3883	18611	3883
3884	18613	3884
3885	18615	3885
3886	18616	3886
3887	18619	3887
3888	18620	3888
3889	18621	3889
3890	18626	3890
3891	18627	3891
3892	18628	3892
3893	18633	3893
3894	18634	3894
3895	18635	3895
3896	18636	3896
3897	18637	3897
3898	18639	3898
3899	18640	3899
3900	18642	3900
3901	18643	3901
3902	18644	3902
3903	18645	3903
3904	18646	3904
3905	18647	3905
3906	18649	3906
3907	18651	3907
3908	18652	3908
3909	18653	3909
3910	18654	3910
3911	18655	3911
3912	18656	3912
3913	18659	3913
3914	18662	3914
3915	18663	3915
3916	18664	3916
3917	18666	3917
3918	18667	3918
3919	18669	3919
3920	18670	3920
3921	18674	3921
3922	18677	3922
3923	18678	3923
3924	18679	3924
3925	18680	3925
3926	18681	3926
3927	18683	3927
3928	18688	3928
3929	18689	3929
3930	18690	3930
3931	18691	3931
3932	18693	3932
3933	18694	3933
3934	18697	3934
3935	18699	3935
3936	18700	3936
3937	18701	3937
3938	18703	3938
3939	18705	3939
3940	18707	3940
3941	18709	3941
3942	18712	3942
3943	18713	3943
3944	18714	3944
3945	18718	3945
3946	18719	3946
3947	18721	3947
3948	18722	3948
3949	18723	3949
3950	18727	3950
3951	18729	3951
3952	18730	3952
3953	18732	3953
3954	18734	3954
3955	18735	3955
3956	18737	3956
3957	18738	3957
3958	18739	3958
3959	18740	3959
3960	18741	3960
3961	18742	3961
3962	18743	3962
3963	18744	3963
3964	18746	3964
3965	18747	3965
3966	18748	3966
3967	18751	3967
3968	18753	3968
3969	18754	3969
3970	18756	3970
3971	18757	3971
3972	18760	3972
3973	18761	3973
3974	18765	3974
3975	18767	3975
3976	18768	3976
3977	18770	3977
3978	18780	3978
3979	18781	3979
3980	18783	3980
3981	18785	3981
3982	18788	3982
3983	18789	3983
3984	18790	3984
3985	18791	3985
3986	18794	3986
3987	18795	3987
3988	18796	3988
3989	18797	3989
3990	18798	3990
3991	18800	3991
3992	18801	3992
3993	18802	3993
3994	18803	3994
3995	18805	3995
3996	18806	3996
3997	18807	3997
3998	18808	3998
3999	18810	3999
4000	18813	4000
4001	18821	4001
4002	18822	4002
4003	18823	4003
4004	18827	4004
4005	18828	4005
4006	18829	4006
4007	18831	4007
4008	18832	4008
4009	18833	4009
4010	18834	4010
4011	18835	4011
4012	18836	4012
4013	18837	4013
4014	18838	4014
4015	18842	4015
4016	18843	4016
4017	18844	4017
4018	18847	4018
4019	18850	4019
4020	18851	4020
4021	18853	4021
4022	18854	4022
4023	18855	4023
4024	18856	4024
4025	18857	4025
4026	18858	4026
4027	18860	4027
4028	18862	4028
4029	18863	4029
4030	18864	4030
4031	18865	4031
4032	18867	4032
4033	18868	4033
4034	18869	4034
4035	18870	4035
4036	18871	4036
4037	18873	4037
4038	18874	4038
4039	18875	4039
4040	18876	4040
4041	18877	4041
4042	18878	4042
4043	18880	4043
4044	18882	4044
4045	18883	4045
4046	18885	4046
4047	18887	4047
4048	18888	4048
4049	18891	4049
4050	18896	4050
4051	18898	4051
4052	18899	4052
4053	18902	4053
4054	18903	4054
4055	18904	4055
4056	18905	4056
4057	18911	4057
4058	18912	4058
4059	18913	4059
4060	18915	4060
4061	18922	4061
4062	18923	4062
4063	18924	4063
4064	18926	4064
4065	18928	4065
4066	18930	4066
4067	18931	4067
4068	18932	4068
4069	18933	4069
4070	18934	4070
4071	18937	4071
4072	18938	4072
4073	18940	4073
4074	18942	4074
4075	18944	4075
4076	18945	4076
4077	18946	4077
4078	18947	4078
4079	18949	4079
4080	18950	4080
4081	18953	4081
4082	18954	4082
4083	18960	4083
4084	18962	4084
4085	18964	4085
4086	18965	4086
4087	18967	4087
4088	18968	4088
4089	18969	4089
4090	18970	4090
4091	18971	4091
4092	18973	4092
4093	18974	4093
4094	18975	4094
4095	18976	4095
4096	18978	4096
4097	18980	4097
4098	18982	4098
4099	18983	4099
4100	18987	4100
4101	18988	4101
4102	18989	4102
4103	18990	4103
4104	18993	4104
4105	18995	4105
4106	18996	4106
4107	18997	4107
4108	18999	4108
4109	19002	4109
4110	19003	4110
4111	19005	4111
4112	19007	4112
4113	19010	4113
4114	19014	4114
4115	19015	4115
4116	19016	4116
4117	19017	4117
4118	19018	4118
4119	19019	4119
4120	19020	4120
4121	19021	4121
4122	19022	4122
4123	19023	4123
4124	19024	4124
4125	19025	4125
4126	19026	4126
4127	19030	4127
4128	19033	4128
4129	19034	4129
4130	19036	4130
4131	19037	4131
4132	19041	4132
4133	19042	4133
4134	19043	4134
4135	19045	4135
4136	19046	4136
4137	19048	4137
4138	19049	4138
4139	19051	4139
4140	19052	4140
4141	19054	4141
4142	19055	4142
4143	19056	4143
4144	19061	4144
4145	19063	4145
4146	19064	4146
4147	19067	4147
4148	19068	4148
4149	19069	4149
4150	19072	4150
4151	19073	4151
4152	19074	4152
4153	19075	4153
4154	19077	4154
4155	19084	4155
4156	19088	4156
4157	19089	4157
4158	19090	4158
4159	19092	4159
4160	19094	4160
4161	19095	4161
4162	19096	4162
4163	19097	4163
4164	19098	4164
4165	19100	4165
4166	19102	4166
4167	19107	4167
4168	19110	4168
4169	19113	4169
4170	19121	4170
4171	19122	4171
4172	19126	4172
4173	19127	4173
4174	19128	4174
4175	19131	4175
4176	19132	4176
4177	19136	4177
4178	19137	4178
4179	19139	4179
4180	19140	4180
4181	19141	4181
4182	19142	4182
4183	19144	4183
4184	19145	4184
4185	19146	4185
4186	19148	4186
4187	19149	4187
4188	19157	4188
4189	19159	4189
4190	19160	4190
4191	19161	4191
4192	19162	4192
4193	19164	4193
4194	19165	4194
4195	19169	4195
4196	19172	4196
4197	19173	4197
4198	19176	4198
4199	19177	4199
4200	19179	4200
4201	19180	4201
4202	19183	4202
4203	19184	4203
4204	19185	4204
4205	19187	4205
4206	19188	4206
4207	19189	4207
4208	19190	4208
4209	19193	4209
4210	19194	4210
4211	19196	4211
4212	19197	4212
4213	19198	4213
4214	19199	4214
4215	19200	4215
4216	19201	4216
4217	19202	4217
4218	19204	4218
4219	19205	4219
4220	19206	4220
4221	19208	4221
4222	19209	4222
4223	19210	4223
4224	19211	4224
4225	19213	4225
4226	19218	4226
4227	19219	4227
4228	19223	4228
4229	19224	4229
4230	19226	4230
4231	19227	4231
4232	19231	4232
4233	19240	4233
4234	19241	4234
4235	19244	4235
4236	19246	4236
4237	19248	4237
4238	19249	4238
4239	19250	4239
4240	19254	4240
4241	19256	4241
4242	19261	4242
4243	19263	4243
4244	19266	4244
4245	19267	4245
4246	19268	4246
4247	19270	4247
4248	19271	4248
4249	19273	4249
4250	19274	4250
4251	19275	4251
4252	19276	4252
4253	19279	4253
4254	19280	4254
4255	19282	4255
4256	19284	4256
4257	19289	4257
4258	19291	4258
4259	19296	4259
4260	19302	4260
4261	19303	4261
4262	19305	4262
4263	19306	4263
4264	19308	4264
4265	19309	4265
4266	19311	4266
4267	19312	4267
4268	19313	4268
4269	19314	4269
4270	19316	4270
4271	19318	4271
4272	19319	4272
4273	19320	4273
4274	19323	4274
4275	19325	4275
4276	19326	4276
4277	19328	4277
4278	19329	4278
4279	19331	4279
4280	19334	4280
4281	19336	4281
4282	19337	4282
4283	19338	4283
4284	19342	4284
4285	19343	4285
4286	19344	4286
4287	19346	4287
4288	19347	4288
4289	19348	4289
4290	19349	4290
4291	19350	4291
4292	19351	4292
4293	19352	4293
4294	19354	4294
4295	19355	4295
4296	19357	4296
4297	19358	4297
4298	19359	4298
4299	19360	4299
4300	19361	4300
4301	19363	4301
4302	19366	4302
4303	19369	4303
4304	19370	4304
4305	19377	4305
4306	19379	4306
4307	19383	4307
4308	19384	4308
4309	19387	4309
4310	19388	4310
4311	19389	4311
4312	19390	4312
4313	19394	4313
4314	19395	4314
4315	19396	4315
4316	19397	4316
4317	19398	4317
4318	19399	4318
4319	19400	4319
4320	19402	4320
4321	19411	4321
4322	19412	4322
4323	19413	4323
4324	19419	4324
4325	19421	4325
4326	19422	4326
4327	19424	4327
4328	19425	4328
4329	19426	4329
4330	19427	4330
4331	19430	4331
4332	19432	4332
4333	19434	4333
4334	19436	4334
4335	19441	4335
4336	19445	4336
4337	19449	4337
4338	19450	4338
4339	19451	4339
4340	19454	4340
4341	19457	4341
4342	19458	4342
4343	19459	4343
4344	19460	4344
4345	19462	4345
4346	19464	4346
4347	19467	4347
4348	19468	4348
4349	19469	4349
4350	19471	4350
4351	19472	4351
4352	19473	4352
4353	19477	4353
4354	19480	4354
4355	19483	4355
4356	19488	4356
4357	19489	4357
4358	19493	4358
4359	19494	4359
4360	19499	4360
4361	19501	4361
4362	19505	4362
4363	19506	4363
4364	19507	4364
4365	19509	4365
4366	19513	4366
4367	19515	4367
4368	19516	4368
4369	19517	4369
4370	19518	4370
4371	19520	4371
4372	19522	4372
4373	19523	4373
4374	19525	4374
4375	19526	4375
4376	19528	4376
4377	19529	4377
4378	19530	4378
4379	19531	4379
4380	19532	4380
4381	19533	4381
4382	19534	4382
4383	19536	4383
4384	19538	4384
4385	19539	4385
4386	19540	4386
4387	19542	4387
4388	19553	4388
4389	19554	4389
4390	19555	4390
4391	19556	4391
4392	19557	4392
4393	19558	4393
4394	19560	4394
4395	19561	4395
4396	19562	4396
4397	19563	4397
4398	19564	4398
4399	19565	4399
4400	19566	4400
4401	19567	4401
4402	19568	4402
4403	19569	4403
4404	19573	4404
4405	19574	4405
4406	19575	4406
4407	19576	4407
4408	19579	4408
4409	19580	4409
4410	19581	4410
4411	19588	4411
4412	19589	4412
4413	19590	4413
4414	19591	4414
4415	19592	4415
4416	19593	4416
4417	19600	4417
4418	19608	4418
4419	19609	4419
4420	19610	4420
4421	19611	4421
4422	19612	4422
4423	19613	4423
4424	19614	4424
4425	19615	4425
4426	19616	4426
4427	19619	4427
4428	19620	4428
4429	19623	4429
4430	19625	4430
4431	19627	4431
4432	19628	4432
4433	19629	4433
4434	19630	4434
4435	19631	4435
4436	19632	4436
4437	19633	4437
4438	19634	4438
4439	19635	4439
4440	19636	4440
4441	19637	4441
4442	19639	4442
4443	19640	4443
4444	19643	4444
4445	19650	4445
4446	19651	4446
4447	19652	4447
4448	19653	4448
4449	19654	4449
4450	19655	4450
4451	19656	4451
4452	19658	4452
4453	19659	4453
4454	19665	4454
4455	19667	4455
4456	19669	4456
4457	19670	4457
4458	19671	4458
4459	19673	4459
4460	19677	4460
4461	19678	4461
4462	19680	4462
4463	19682	4463
4464	19685	4464
4465	19687	4465
4466	19693	4466
4467	19703	4467
4468	19704	4468
4469	19705	4469
4470	19706	4470
4471	19707	4471
4472	19711	4472
4473	19715	4473
4474	19718	4474
4475	19719	4475
4476	19720	4476
4477	19724	4477
4478	19729	4478
4479	19735	4479
4480	19748	4480
4481	19767	4481
4482	19770	4482
4483	19772	4483
4484	19787	4484
4485	19792	4485
