	stt	user_id
0	0	10001
1	1	10017
2	2	10018
3	3	10026
4	4	10085
5	5	10131
6	6	10134
7	7	10497
8	8	10674
9	9	10681
10	10	10716
11	11	10745
12	12	10776
13	13	10778
14	14	10791
15	15	10811
16	16	10820
17	17	10821
18	18	10828
19	19	10871
20	20	10920
21	21	10965
22	22	11105
23	23	11126
24	24	11132
25	25	11137
26	26	11150
27	27	11157
28	28	11170
29	29	11179
30	30	11233
31	31	11234
32	32	11278
33	33	11338
34	34	11370
35	35	11378
36	36	11386
37	37	11394
38	38	11401
39	39	11402
40	40	11519
41	41	11569
42	42	11574
43	43	11580
44	44	11674
45	45	11675
46	46	11731
47	47	11734
48	48	11746
49	49	11824
50	50	11848
51	51	11859
52	52	11871
53	53	11873
54	54	11994
55	55	12088
56	56	12165
57	57	12179
58	58	12216
59	59	12272
60	60	12283
61	61	12302
62	62	12306
63	63	12321
64	64	12327
65	65	12386
66	66	12477
67	67	12482
68	68	12564
69	69	12575
70	70	12576
71	71	12629
72	72	12700
73	73	12718
74	74	12788
75	75	12827
76	76	12833
77	77	12884
78	78	12886
79	79	13015
80	80	13159
81	81	13210
82	82	13394
83	83	13396
84	84	13434
85	85	13464
86	86	13497
87	87	13499
88	88	13612
89	89	13617
90	90	13622
91	91	13640
92	92	13678
93	93	13708
94	94	13711
95	95	13812
96	96	13814
97	97	13851
98	98	13856
99	99	13867
100	100	13896
101	101	13902
102	102	13912
103	103	13920
104	104	13925
105	105	13964
106	106	14009
107	107	14022
108	108	14042
109	109	14050
110	110	14119
111	111	14162
112	112	14170
113	113	14173
114	114	14174
115	115	14175
116	116	14420
117	117	14439
118	118	14530
119	119	14586
120	120	14597
121	121	14631
122	122	14633
123	123	14710
124	124	14717
125	125	14725
126	126	14741
127	127	14742
128	128	14746
129	129	14756
130	130	14834
131	131	14842
132	132	14857
133	133	14860
134	134	14889
135	135	14890
136	136	14926
137	137	14936
138	138	14942
139	139	14951
140	140	14973
141	141	14999
142	142	15023
143	143	15080
144	144	15084
145	145	15141
146	146	15266
147	147	15362
148	148	15524
149	149	15549
150	150	15593
151	151	15629
152	152	15719
153	153	15726
154	154	15740
155	155	15787
156	156	15840
157	157	15851
158	158	15856
159	159	15872
160	160	15909
161	161	15939
162	162	15947
163	163	16036
164	164	16061
165	165	16184
166	166	16191
167	167	16204
168	168	16284
169	169	16356
170	170	16376
171	171	16397
172	172	16421
173	173	16459
174	174	16476
175	175	16569
176	176	16619
177	177	16647
178	178	16669
179	179	16720
180	180	16721
181	181	16774
182	182	16854
183	183	16887
184	184	16915
185	185	16924
186	186	16990
187	187	16991
188	188	16995
189	189	17014
190	190	17035
191	191	17050
192	192	17069
193	193	17141
194	194	17187
195	195	17210
196	196	17224
197	197	17270
198	198	17309
199	199	17324
200	200	17370
201	201	17386
202	202	17414
203	203	17438
204	204	17481
205	205	17549
206	206	17591
207	207	17600
208	208	17608
209	209	17667
210	210	17668
211	211	17672
212	212	17694
213	213	17700
214	214	17760
215	215	17776
216	216	17798
217	217	17825
218	218	17834
219	219	17843
220	220	17856
221	221	17866
222	222	17929
223	223	17943
224	224	17949
225	225	17957
226	226	17970
227	227	17973
228	228	17991
229	229	18009
230	230	18052
231	231	18058
232	232	18140
233	233	18146
234	234	18175
235	235	18263
236	236	18278
237	237	18302
238	238	18327
239	239	18333
240	240	18358
241	241	18393
242	242	18405
243	243	18437
244	244	18452
245	245	18482
246	246	18487
247	247	18528
248	248	18568
249	249	18575
250	250	18637
251	251	18661
252	252	18696
253	253	18715
254	254	18729
255	255	18762
256	256	18767
257	257	18919
258	258	18930
259	259	19056
260	260	19078
261	261	19084
262	262	19089
263	263	19159
264	264	19185
265	265	19227
266	266	19230
267	267	19239
268	268	19256
269	269	19258
270	270	19297
271	271	19335
272	272	19406
273	273	19483
274	274	19501
275	275	19560
276	276	19581
277	277	19582
278	278	19593
279	279	19595
280	280	19649
281	281	19694
282	282	19748
283	283	19770
284	284	19801
285	285	19862
286	286	19875
287	287	19920
288	288	19949
289	289	19977
290	290	20006
291	291	20007
292	292	20049
293	293	20090
294	294	20124
295	295	20136
296	296	20238
297	297	20249
298	298	20283
299	299	20287
300	300	20302
301	301	20321
302	302	20325
303	303	20335
304	304	20355
305	305	20356
306	306	20358
307	307	20379
308	308	20386
309	309	20436
310	310	20456
311	311	20506
312	312	20518
313	313	20545
314	314	20549
315	315	20558
316	316	20566
317	317	20567
318	318	20576
319	319	20614
320	320	20626
321	321	20629
322	322	20630
323	323	20642
324	324	20660
325	325	20688
326	326	20695
327	327	20696
328	328	20699
329	329	20717
330	330	20726
331	331	20750
332	332	20759
333	333	20762
334	334	20801
335	335	20810
336	336	20819
337	337	20826
338	338	20832
339	339	20835
340	340	20839
341	341	20846
342	342	20863
343	343	20869
344	344	20870
345	345	20871
346	346	20873
347	347	20882
348	348	20892
349	349	20898
350	350	20899
351	351	20911
352	352	20926
353	353	20946
354	354	20954
355	355	20975
356	356	20995
357	357	21010
358	358	21014
359	359	21036
360	360	21046
361	361	21100
362	362	21104
363	363	21105
364	364	21109
365	365	21122
366	366	21129
367	367	21139
368	368	21154
369	369	21157
370	370	21184
371	371	21213
372	372	21214
373	373	21217
374	374	21220
375	375	21223
376	376	21227
377	377	21233
378	378	21234
379	379	21237
380	380	21247
381	381	21315
382	382	21319
383	383	21355
384	384	21384
385	385	21386
386	386	21401
387	387	21405
388	388	21421
389	389	21456
390	390	21472
391	391	21491
392	392	21495
393	393	21498
394	394	21500
395	395	21501
396	396	21516
397	397	21517
398	398	21528
399	399	21532
400	400	21545
401	401	21548
402	402	21554
403	403	21558
404	404	21584
405	405	21585
406	406	21586
407	407	21589
408	408	21590
409	409	21599
410	410	21611
411	411	21620
412	412	21621
413	413	21639
414	414	21642
415	415	21644
416	416	21647
417	417	21658
418	418	21666
419	419	21681
420	420	21683
421	421	21697
422	422	21709
423	423	21721
424	424	21739
425	425	21752
426	426	21754
427	427	21756
428	428	21757
429	429	21759
430	430	21773
431	431	21775
432	432	21779
433	433	21787
434	434	21797
435	435	21835
436	436	21836
437	437	21839
438	438	21841
439	439	21864
440	440	21887
441	441	21889
442	442	21896
443	443	21897
444	444	21904
445	445	21907
446	446	21909
447	447	21941
448	448	21943
449	449	21949
450	450	21960
451	451	21964
452	452	21977
453	453	21979
454	454	21987
455	455	21998
456	456	22002
457	457	22022
458	458	22032
459	459	22035
460	460	22041
461	461	22044
462	462	22049
463	463	22054
464	464	22064
465	465	22109
466	466	22122
467	467	22129
468	468	22135
469	469	22136
470	470	22137
471	471	22138
472	472	22143
473	473	22154
474	474	22156
475	475	22162
476	476	22169
477	477	22175
478	478	22192
479	479	22205
480	480	22236
481	481	22237
482	482	22239
483	483	22244
484	484	22246
485	485	22271
486	486	22294
487	487	22296
488	488	22302
489	489	22324
490	490	22325
491	491	22348
492	492	22350
493	493	22355
494	494	22369
495	495	22371
496	496	22399
497	497	22409
498	498	22417
499	499	22442
500	500	22450
501	501	22465
502	502	22467
503	503	22474
504	504	22484
505	505	22485
506	506	22486
507	507	22488
508	508	22493
509	509	22496
510	510	22501
511	511	22523
512	512	22527
513	513	22535
514	514	22541
515	515	22544
516	516	22547
517	517	22549
518	518	22569
519	519	22596
520	520	22611
521	521	22613
522	522	22627
523	523	22632
524	524	22634
525	525	22646
526	526	22649
527	527	22653
528	528	22656
529	529	22685
530	530	22689
531	531	22690
532	532	22695
533	533	22709
534	534	22713
535	535	22716
536	536	22718
537	537	22719
538	538	22724
539	539	22725
540	540	22734
541	541	22736
542	542	22737
543	543	22746
544	544	22751
545	545	22761
546	546	22767
547	547	22768
548	548	22774
549	549	22777
550	550	22782
551	551	22786
552	552	22788
553	553	22790
554	554	22794
555	555	22801
556	556	22803
557	557	22818
558	558	22821
559	559	22832
560	560	22843
561	561	22844
562	562	22847
563	563	22855
564	564	22859
565	565	22867
566	566	22871
567	567	22877
568	568	22878
569	569	22892
570	570	22895
571	571	22902
572	572	22912
573	573	22920
574	574	22926
575	575	22945
576	576	22946
577	577	22947
578	578	22958
579	579	22963
580	580	22964
581	581	22965
582	582	22968
583	583	22976
584	584	22981
585	585	22988
586	586	22999
587	587	23008
588	588	23009
589	589	23012
590	590	23017
591	591	23024
592	592	23025
593	593	23035
594	594	23041
595	595	23045
596	596	23046
597	597	23050
598	598	23053
599	599	23056
600	600	23063
601	601	23066
602	602	23079
603	603	23090
604	604	23092
605	605	23093
606	606	23105
607	607	23106
608	608	23116
609	609	23117
610	610	23130
611	611	23139
612	612	23140
613	613	23149
614	614	23155
615	615	23163
616	616	23164
617	617	23166
618	618	23167
619	619	23184
620	620	23188
621	621	23190
622	622	23193
623	623	23195
624	624	23210
625	625	23221
626	626	23224
627	627	23234
628	628	23244
629	629	23280
630	630	23286
631	631	23299
632	632	23332
633	633	23334
634	634	23342
635	635	23347
636	636	23354
637	637	23355
638	638	23359
639	639	23360
640	640	23364
641	641	23372
642	642	23373
643	643	23383
644	644	23397
645	645	23401
646	646	23402
647	647	23412
648	648	23423
649	649	23427
650	650	23480
651	651	23488
652	652	23498
653	653	23505
654	654	23522
655	655	23539
656	656	23559
657	657	23580
658	658	23589
659	659	23591
660	660	23613
661	661	23624
662	662	23628
663	663	23633
664	664	23635
665	665	23649
666	666	23655
667	667	23656
668	668	23661
669	669	23675
670	670	23682
671	671	23688
672	672	23703
673	673	23707
674	674	23709
675	675	23713
676	676	23718
677	677	23719
678	678	23722
679	679	23723
680	680	23724
681	681	23728
682	682	23732
683	683	23736
684	684	23743
685	685	23744
686	686	23745
687	687	23750
688	688	23752
689	689	23758
690	690	23762
691	691	23770
692	692	23780
693	693	23786
694	694	23809
695	695	23815
696	696	23816
697	697	23817
698	698	23819
699	699	23820
700	700	23822
701	701	23832
702	702	23834
703	703	23837
704	704	23839
705	705	23841
706	706	23843
707	707	23844
708	708	23848
709	709	23854
710	710	23858
711	711	23859
712	712	23865
713	713	23874
714	714	23875
715	715	23876
716	716	23877
717	717	23889
718	718	23890
719	719	23892
720	720	23896
721	721	23899
722	722	23900
723	723	23904
724	724	23906
725	725	23907
726	726	23914
727	727	23915
728	728	23919
729	729	23920
730	730	23921
731	731	23923
732	732	23926
733	733	23931
734	734	23934
735	735	23958
736	736	23959
737	737	23966
738	738	23967
739	739	23970
740	740	23972
741	741	23973
742	742	23975
743	743	23980
744	744	23981
745	745	23984
746	746	23985
747	747	23986
748	748	23990
749	749	23991
750	750	23995
751	751	23999
752	752	24000
753	753	24006
754	754	24009
755	755	24010
756	756	24012
757	757	24013
758	758	24014
759	759	24015
760	760	24016
761	761	24018
762	762	24020
763	763	24021
764	764	24023
765	765	24024
766	766	24026
767	767	24027
768	768	24028
769	769	24030
770	770	24032
771	771	24033
772	772	24034
773	773	24035
774	774	24036
775	775	24037
776	776	24038
777	777	24039
778	778	24040
779	779	24041
780	780	24042
781	781	24043
782	782	24044
783	783	24047
784	784	24050
785	785	24051
786	786	24052
787	787	24056
788	788	24057
789	789	24059
790	790	24060
791	791	24065
792	792	24066
793	793	24068
794	794	24070
795	795	24072
796	796	24073
797	797	24074
798	798	24076
799	799	24078
800	800	24079
801	801	24082
802	802	24083
803	803	24085
804	804	24086
805	805	24087
806	806	24088
807	807	24089
808	808	24091
809	809	24093
810	810	24096
811	811	24098
812	812	24099
813	813	24100
814	814	24101
815	815	24102
816	816	24105
817	817	24106
818	818	24108
819	819	24109
820	820	24110
821	821	24111
822	822	24112
823	823	24113
824	824	24114
825	825	24115
826	826	24116
827	827	24118
828	828	24119
829	829	24121
830	830	24126
831	831	24128
832	832	24129
833	833	24130
834	834	24133
835	835	24137
836	836	24139
837	837	24140
838	838	24142
839	839	24147
840	840	24148
841	841	24150
842	842	24151
843	843	24157
844	844	24159
845	845	24160
846	846	24161
847	847	24165
848	848	24167
849	849	24168
850	850	24169
851	851	24171
852	852	24174
853	853	24175
854	854	24178
855	855	24179
856	856	24180
857	857	24182
858	858	24183
859	859	24184
860	860	24185
861	861	24187
862	862	24189
863	863	24191
864	864	24195
865	865	24196
866	866	24197
867	867	24201
868	868	24202
869	869	24204
870	870	24206
871	871	24207
872	872	24209
873	873	24210
874	874	24211
875	875	24212
876	876	24213
877	877	24215
878	878	24216
879	879	24220
880	880	24221
881	881	24224
882	882	24225
883	883	24228
884	884	24230
885	885	24232
886	886	24234
887	887	24235
888	888	24237
889	889	24238
890	890	24245
891	891	24246
892	892	24247
893	893	24254
894	894	24255
895	895	24256
896	896	24257
897	897	24258
898	898	24259
899	899	24260
900	900	24261
901	901	24264
902	902	24267
903	903	24268
904	904	24271
905	905	24273
906	906	24274
907	907	24277
908	908	24279
909	909	24282
910	910	24283
911	911	24284
912	912	24285
913	913	24287
914	914	24288
915	915	24289
916	916	24290
917	917	24291
918	918	24293
919	919	24294
920	920	24296
921	921	24297
922	922	24302
923	923	24303
924	924	24304
925	925	24305
926	926	24307
927	927	24308
928	928	24309
929	929	24310
930	930	24311
931	931	24314
932	932	24315
933	933	24316
934	934	24317
935	935	24320
936	936	24324
937	937	24325
938	938	24326
939	939	24327
940	940	24329
941	941	24331
942	942	24332
943	943	24333
944	944	24334
945	945	24336
946	946	24340
947	947	24341
948	948	24344
949	949	24345
950	950	24349
951	951	24351
952	952	24352
953	953	24353
954	954	24354
955	955	24355
956	956	24356
957	957	24357
958	958	24358
959	959	24362
960	960	24364
961	961	24365
962	962	24366
963	963	24367
964	964	24370
965	965	24371
966	966	24373
967	967	24376
968	968	24377
969	969	24378
970	970	24380
971	971	24382
972	972	24383
973	973	24385
974	974	24386
975	975	24388
976	976	24389
977	977	24391
978	978	24392
979	979	24393
980	980	24394
981	981	24398
982	982	24399
983	983	24400
984	984	24403
985	985	24405
986	986	24407
987	987	24408
988	988	24410
989	989	24411
990	990	24412
991	991	24417
992	992	24420
993	993	24421
994	994	24422
995	995	24425
996	996	24426
997	997	24427
998	998	24429
999	999	24430
1000	1000	24431
1001	1001	24432
1002	1002	24435
1003	1003	24436
1004	1004	24440
1005	1005	24441
1006	1006	24442
1007	1007	24444
1008	1008	24445
1009	1009	24447
1010	1010	24448
1011	1011	24450
1012	1012	24451
1013	1013	24452
1014	1014	24453
1015	1015	24454
1016	1016	24456
1017	1017	24457
1018	1018	24459
1019	1019	24460
1020	1020	24461
1021	1021	24462
1022	1022	24465
1023	1023	24466
1024	1024	24467
1025	1025	24468
1026	1026	24470
1027	1027	24473
1028	1028	24474
1029	1029	24475
1030	1030	24476
1031	1031	24478
1032	1032	24481
1033	1033	24484
1034	1034	24485
1035	1035	24486
1036	1036	24487
1037	1037	24488
1038	1038	24489
1039	1039	24491
1040	1040	24493
1041	1041	24494
1042	1042	24496
1043	1043	24498
1044	1044	24499
1045	1045	24503
1046	1046	24504
1047	1047	24505
1048	1048	24507
1049	1049	24508
1050	1050	24511
1051	1051	24513
1052	1052	24514
1053	1053	24515
1054	1054	24516
1055	1055	24517
1056	1056	24519
1057	1057	24523
1058	1058	24525
1059	1059	24526
1060	1060	24529
1061	1061	24530
1062	1062	24531
1063	1063	24532
1064	1064	24534
1065	1065	24537
1066	1066	24538
1067	1067	24539
1068	1068	24542
1069	1069	24544
1070	1070	24549
1071	1071	24551
1072	1072	24554
1073	1073	24557
1074	1074	24558
1075	1075	24561
1076	1076	24563
1077	1077	24564
1078	1078	24566
1079	1079	24567
1080	1080	24568
1081	1081	24570
1082	1082	24573
1083	1083	24574
1084	1084	24575
1085	1085	24577
1086	1086	24578
1087	1087	24579
1088	1088	24580
1089	1089	24581
1090	1090	24582
1091	1091	24585
1092	1092	24586
1093	1093	24587
1094	1094	24589
1095	1095	24590
1096	1096	24591
1097	1097	24596
1098	1098	24597
1099	1099	24600
1100	1100	24604
1101	1101	24605
1102	1102	24609
1103	1103	24611
1104	1104	24615
1105	1105	24618
1106	1106	24622
1107	1107	24624
1108	1108	24625
1109	1109	24626
1110	1110	24628
1111	1111	24629
1112	1112	24632
1113	1113	24634
1114	1114	24636
1115	1115	24639
1116	1116	24641
1117	1117	24643
1118	1118	24644
1119	1119	24645
1120	1120	24646
1121	1121	24647
1122	1122	24648
1123	1123	24649
1124	1124	24650
1125	1125	24651
1126	1126	24652
1127	1127	24654
1128	1128	24656
1129	1129	24657
1130	1130	24661
1131	1131	24668
1132	1132	24669
1133	1133	24670
1134	1134	24671
1135	1135	24674
1136	1136	24677
1137	1137	24679
1138	1138	24680
1139	1139	24682
1140	1140	24683
1141	1141	24684
1142	1142	24685
1143	1143	24686
1144	1144	24687
1145	1145	24688
1146	1146	24689
1147	1147	24690
1148	1148	24691
1149	1149	24692
1150	1150	24694
1151	1151	24695
1152	1152	24697
1153	1153	24698
1154	1154	24699
1155	1155	24700
1156	1156	24702
1157	1157	24703
1158	1158	24704
1159	1159	24706
1160	1160	24707
1161	1161	24709
1162	1162	24710
1163	1163	24713
1164	1164	24717
1165	1165	24718
1166	1166	24720
1167	1167	24722
1168	1168	24723
1169	1169	24727
1170	1170	24729
1171	1171	24730
1172	1172	24732
1173	1173	24736
1174	1174	24737
1175	1175	24740
1176	1176	24741
1177	1177	24743
1178	1178	24744
1179	1179	24746
1180	1180	24748
1181	1181	24749
1182	1182	24751
1183	1183	24753
1184	1184	24754
1185	1185	24755
1186	1186	24762
1187	1187	24764
1188	1188	24766
1189	1189	24767
1190	1190	24770
1191	1191	24772
1192	1192	24774
1193	1193	24779
1194	1194	24781
1195	1195	24782
1196	1196	24783
1197	1197	24787
1198	1198	24788
1199	1199	24789
1200	1200	24790
1201	1201	24791
1202	1202	24792
1203	1203	24803
1204	1204	24804
1205	1205	24806
1206	1206	24807
1207	1207	24813
1208	1208	24816
1209	1209	24820
1210	1210	24832
1211	1211	24834
1212	1212	24837
1213	1213	24838
1214	1214	24839
1215	1215	24840
1216	1216	24842
1217	1217	24844
1218	1218	24846
1219	1219	24848
1220	1220	24850
1221	1221	24852
1222	1222	24854
1223	1223	24857
1224	1224	24858
1225	1225	24859
1226	1226	24860
1227	1227	24862
1228	1228	24865
1229	1229	24866
1230	1230	24870
1231	1231	24873
1232	1232	24875
1233	1233	24876
1234	1234	24877
1235	1235	24878
1236	1236	24880
1237	1237	24882
1238	1238	24884
1239	1239	24886
1240	1240	24891
1241	1241	24897
1242	1242	24901
1243	1243	24907
1244	1244	24909
1245	1245	24910
1246	1246	24911
1247	1247	24915
1248	1248	24918
1249	1249	24920
1250	1250	24923
1251	1251	24925
1252	1252	24931
1253	1253	24932
1254	1254	24934
1255	1255	24937
1256	1256	24938
1257	1257	24939
1258	1258	24941
1259	1259	24942
1260	1260	24945
1261	1261	24946
1262	1262	24948
1263	1263	24949
1264	1264	24952
1265	1265	24957
1266	1266	24959
1267	1267	24963
1268	1268	24964
1269	1269	24965
1270	1270	24967
1271	1271	24975
1272	1272	24983
1273	1273	24987
1274	1274	24988
1275	1275	24991
1276	1276	24996
1277	1277	25000
1278	1278	25004
1279	1279	25005
1280	1280	25006
1281	1281	25010
1282	1282	25011
1283	1283	25012
1284	1284	25017
1285	1285	25019
1286	1286	25020
1287	1287	25021
1288	1288	25022
1289	1289	25026
1290	1290	25028
1291	1291	25031
1292	1292	25032
1293	1293	25034
1294	1294	25041
1295	1295	25042
1296	1296	25044
1297	1297	25045
1298	1298	25049
1299	1299	25050
1300	1300	25051
1301	1301	25053
1302	1302	25054
1303	1303	25057
1304	1304	25058
1305	1305	25059
1306	1306	25065
1307	1307	25066
1308	1308	25069
1309	1309	25074
1310	1310	25075
1311	1311	25078
1312	1312	25084
1313	1313	25086
1314	1314	25088
1315	1315	25089
1316	1316	25090
1317	1317	25094
1318	1318	25095
1319	1319	25097
1320	1320	25098
1321	1321	25099
1322	1322	25100
1323	1323	25105
1324	1324	25110
1325	1325	25115
1326	1326	25120
1327	1327	25126
1328	1328	25129
1329	1329	25135
1330	1330	25137
1331	1331	25139
1332	1332	25140
1333	1333	25141
1334	1334	25143
1335	1335	25144
1336	1336	25145
1337	1337	25146
1338	1338	25147
1339	1339	25153
1340	1340	25158
1341	1341	25160
1342	1342	25164
1343	1343	25167
1344	1344	25170
1345	1345	25171
1346	1346	25172
1347	1347	25173
1348	1348	25174
1349	1349	25187
1350	1350	25188
1351	1351	25190
1352	1352	25191
1353	1353	25193
1354	1354	25194
1355	1355	25196
1356	1356	25197
1357	1357	25198
1358	1358	25200
1359	1359	25204
1360	1360	25207
1361	1361	25208
1362	1362	25210
1363	1363	25211
1364	1364	25213
1365	1365	25214
1366	1366	25215
1367	1367	25216
1368	1368	25220
1369	1369	25221
1370	1370	25227
1371	1371	25231
1372	1372	25233
1373	1373	25235
1374	1374	25236
1375	1375	25237
1376	1376	25240
1377	1377	25241
1378	1378	25242
1379	1379	25243
1380	1380	25244
1381	1381	25245
1382	1382	25247
1383	1383	25248
1384	1384	25253
1385	1385	25254
1386	1386	25260
1387	1387	25263
1388	1388	25265
1389	1389	25266
1390	1390	25271
1391	1391	25276
1392	1392	25277
1393	1393	25278
1394	1394	25279
1395	1395	25282
1396	1396	25283
1397	1397	25287
1398	1398	25288
1399	1399	25289
1400	1400	25290
1401	1401	25293
1402	1402	25294
1403	1403	25297
1404	1404	25299
1405	1405	25302
1406	1406	25304
1407	1407	25305
1408	1408	25306
1409	1409	25308
1410	1410	25309
1411	1411	25310
1412	1412	25311
1413	1413	25312
1414	1414	25314
1415	1415	25315
1416	1416	25316
1417	1417	25317
1418	1418	25319
1419	1419	25320
1420	1420	25321
1421	1421	25323
1422	1422	25324
1423	1423	25328
1424	1424	25329
1425	1425	25343
1426	1426	25355
1427	1427	25367
1428	1428	25369
1429	1429	25593
1430	1430	25599
1431	1431	25602
1432	1432	25613
1433	1433	25632
1434	1434	25670
1435	1435	25721
1436	1436	25752
1437	1437	25786
1438	1438	25809
1439	1439	25873
1440	1440	25882
1441	1441	25951
1442	1442	25972
1443	1443	26094
1444	1444	26188
1445	1445	26272
1446	1446	26349
1447	1447	26351
1448	1448	26371
1449	1449	26372
1450	1450	26387
1451	1451	26395
1452	1452	26459
1453	1453	26505
1454	1454	26528
1455	1455	26544
1456	1456	26546
1457	1457	26563
1458	1458	26640
1459	1459	26727
1460	1460	26743
1461	1461	26794
1462	1462	26795
1463	1463	26803
1464	1464	26885
1465	1465	26922
1466	1466	27002
1467	1467	27046
1468	1468	27065
1469	1469	27074
1470	1470	27119
1471	1471	27120
1472	1472	27131
1473	1473	27168
1474	1474	27204
1475	1475	27351
1476	1476	27373
1477	1477	27419
1478	1478	27488
1479	1479	27509
1480	1480	27510
1481	1481	27514
1482	1482	27609
1483	1483	27649
1484	1484	27673
1485	1485	27683
1486	1486	27699
1487	1487	27707
1488	1488	27743
1489	1489	27806
1490	1490	27854
1491	1491	27858
1492	1492	27879
1493	1493	27880
1494	1494	27932
1495	1495	27987
1496	1496	28062
1497	1497	28078
1498	1498	28116
1499	1499	28140
1500	1500	28192
1501	1501	28216
1502	1502	28224
1503	1503	28231
1504	1504	28247
1505	1505	28337
1506	1506	28410
1507	1507	28414
1508	1508	28443
1509	1509	28512
1510	1510	28631
1511	1511	28657
1512	1512	28671
1513	1513	28672
1514	1514	28762
1515	1515	28782
1516	1516	28855
1517	1517	28870
1518	1518	28912
1519	1519	28942
1520	1520	28969
1521	1521	29010
1522	1522	29060
1523	1523	29070
1524	1524	29128
1525	1525	29160
1526	1526	29221
1527	1527	29379
1528	1528	29414
1529	1529	29524
1530	1530	29762
1531	1531	29881
1532	1532	29911
1533	1533	29912
1534	1534	29943
1535	1535	30013
1536	1536	30016
1537	1537	30044
1538	1538	30052
1539	1539	30507
1540	1540	30630
1541	1541	30644
1542	1542	30651
1543	1543	30669
1544	1544	30704
1545	1545	30728
1546	1546	30732
1547	1547	30749
1548	1548	30863
1549	1549	30874
1550	1550	30922
1551	1551	30949
1552	1552	31021
1553	1553	31065
1554	1554	31155
1555	1555	31378
1556	1556	31396
1557	1557	31412
1558	1558	31479
1559	1559	31553
1560	1560	31567
1561	1561	31624
1562	1562	31659
1563	1563	31714
1564	1564	31725
1565	1565	31726
1566	1566	31757
1567	1567	31788
1568	1568	31816
1569	1569	31824
1570	1570	31863
1571	1571	31876
1572	1572	31878
1573	1573	31904
1574	1574	31924
1575	1575	31945
1576	1576	31974
1577	1577	32004
1578	1578	32068
1579	1579	32095
1580	1580	32204
1581	1581	32218
1582	1582	32231
1583	1583	32232
1584	1584	32321
1585	1585	32337
1586	1586	32384
1587	1587	32465
1588	1588	32477
1589	1589	32488
1590	1590	32512
1591	1591	32521
1592	1592	32532
1593	1593	32553
1594	1594	32557
1595	1595	32561
1596	1596	32607
1597	1597	32612
1598	1598	32638
1599	1599	32645
1600	1600	32658
1601	1601	32702
1602	1602	32763
1603	1603	32798
1604	1604	32879
1605	1605	32963
1606	1606	32996
1607	1607	33115
1608	1608	33117
1609	1609	33137
1610	1610	33238
1611	1611	33249
1612	1612	33250
1613	1613	33266
1614	1614	33292
1615	1615	33324
1616	1616	33353
1617	1617	33383
1618	1618	33398
1619	1619	33517
1620	1620	33533
1621	1621	33599
1622	1622	33686
1623	1623	33730
1624	1624	33844
1625	1625	33845
1626	1626	33917
1627	1627	34006
1628	1628	34046
1629	1629	34145
1630	1630	34296
1631	1631	34305
1632	1632	34408
1633	1633	34454
1634	1634	34476
1635	1635	34565
1636	1636	34663
1637	1637	34857
1638	1638	34868
1639	1639	34869
1640	1640	34878
1641	1641	34883
1642	1642	34889
1643	1643	34912
1644	1644	34956
1645	1645	34959
1646	1646	35188
1647	1647	35245
1648	1648	35332
1649	1649	35342
1650	1650	35344
1651	1651	35368
1652	1652	35389
1653	1653	35486
1654	1654	35528
1655	1655	35788
1656	1656	35795
1657	1657	35882
1658	1658	35911
1659	1659	35913
1660	1660	35998
1661	1661	36069
1662	1662	36186
1663	1663	36191
1664	1664	36309
1665	1665	36317
1666	1666	36323
1667	1667	36340
1668	1668	36391
1669	1669	36411
1670	1670	36498
1671	1671	36515
1672	1672	36541
1673	1673	36555
1674	1674	36638
1675	1675	36767
1676	1676	36779
1677	1677	36835
1678	1678	36901
1679	1679	36904
1680	1680	36905
1681	1681	36914
1682	1682	36981
1683	1683	37059
1684	1684	37077
1685	1685	37100
1686	1686	37118
1687	1687	37163
1688	1688	37188
1689	1689	37207
1690	1690	37241
1691	1691	37339
1692	1692	37379
1693	1693	37383
1694	1694	37393
1695	1695	37420
1696	1696	37421
1697	1697	37459
1698	1698	37474
1699	1699	37538
1700	1700	37541
1701	1701	37614
1702	1702	37656
1703	1703	37730
1704	1704	37746
1705	1705	37795
1706	1706	37861
1707	1707	37912
1708	1708	37915
1709	1709	37922
1710	1710	37936
1711	1711	37943
1712	1712	37969
1713	1713	37978
1714	1714	37981
1715	1715	37985
1716	1716	38015
1717	1717	38094
1718	1718	38142
1719	1719	38156
1720	1720	38195
1721	1721	38224
1722	1722	38228
1723	1723	38362
1724	1724	38435
1725	1725	38566
1726	1726	38591
1727	1727	38607
1728	1728	38621
1729	1729	38673
1730	1730	38740
1731	1731	38765
1732	1732	38839
1733	1733	38856
1734	1734	38859
1735	1735	38862
1736	1736	38865
1737	1737	38879
1738	1738	38896
1739	1739	38903
1740	1740	38978
1741	1741	39084
1742	1742	39112
1743	1743	39123
1744	1744	39182
1745	1745	39185
1746	1746	39190
1747	1747	39193
1748	1748	39238
1749	1749	39256
1750	1750	39301
1751	1751	39303
1752	1752	39316
1753	1753	39324
1754	1754	39329
1755	1755	39413
1756	1756	39460
1757	1757	39465
1758	1758	39489
1759	1759	39495
1760	1760	39498
1761	1761	39507
1762	1762	39543
1763	1763	39578
1764	1764	39582
1765	1765	39592
1766	1766	39595
1767	1767	39657
1768	1768	39658
1769	1769	39670
1770	1770	39752
1771	1771	39765
1772	1772	39784
1773	1773	39786
1774	1774	39791
1775	1775	39795
1776	1776	39808
1777	1777	39832
1778	1778	39834
1779	1779	39847
1780	1780	39850
1781	1781	39867
1782	1782	39883
1783	1783	39896
1784	1784	39909
1785	1785	39942
1786	1786	39960
1787	1787	39970
1788	1788	39978
1789	1789	39994
1790	1790	39998
1791	1791	40033
1792	1792	40044
1793	1793	40072
1794	1794	40124
1795	1795	40132
1796	1796	40140
1797	1797	40165
1798	1798	40179
1799	1799	40214
1800	1800	40220
1801	1801	40233
1802	1802	40241
1803	1803	40276
1804	1804	40277
1805	1805	40324
1806	1806	40352
1807	1807	40378
1808	1808	40381
1809	1809	40385
1810	1810	40394
1811	1811	40395
1812	1812	40422
1813	1813	40434
1814	1814	40446
1815	1815	40453
1816	1816	40471
1817	1817	40483
1818	1818	40486
1819	1819	40508
1820	1820	40510
1821	1821	40511
1822	1822	40516
1823	1823	40586
1824	1824	40602
1825	1825	40637
1826	1826	40644
1827	1827	40651
1828	1828	40661
1829	1829	40680
1830	1830	40692
1831	1831	40693
1832	1832	40715
1833	1833	40721
1834	1834	40724
1835	1835	40726
1836	1836	40738
1837	1837	40743
1838	1838	40749
1839	1839	40751
1840	1840	40781
1841	1841	40785
1842	1842	40787
1843	1843	40806
1844	1844	40842
1845	1845	40859
1846	1846	40880
1847	1847	40915
1848	1848	40927
1849	1849	40936
1850	1850	40959
1851	1851	40961
1852	1852	40962
1853	1853	40982
1854	1854	40987
1855	1855	40988
1856	1856	40991
1857	1857	41004
1858	1858	41008
1859	1859	41028
1860	1860	41050
1861	1861	41079
1862	1862	41085
1863	1863	41102
1864	1864	41104
1865	1865	41109
1866	1866	41115
1867	1867	41125
1868	1868	41127
1869	1869	41131
1870	1870	41134
1871	1871	41135
1872	1872	41138
1873	1873	41149
1874	1874	41150
1875	1875	41160
1876	1876	41161
1877	1877	41162
1878	1878	41169
1879	1879	41170
1880	1880	41172
1881	1881	41174
1882	1882	41177
1883	1883	41181
1884	1884	41185
1885	1885	41186
1886	1886	41190
1887	1887	41196
1888	1888	41198
1889	1889	41199
1890	1890	41206
1891	1891	41207
1892	1892	41208
1893	1893	41211
1894	1894	41215
1895	1895	41216
1896	1896	41220
1897	1897	41230
1898	1898	41231
1899	1899	41235
1900	1900	41237
1901	1901	41239
1902	1902	41241
1903	1903	41242
1904	1904	41246
1905	1905	41250
1906	1906	41251
1907	1907	41255
1908	1908	41259
1909	1909	41262
1910	1910	41263
1911	1911	41266
1912	1912	41272
1913	1913	41274
1914	1914	41280
1915	1915	41283
1916	1916	41289
1917	1917	41293
1918	1918	41299
1919	1919	41300
1920	1920	41303
1921	1921	41307
1922	1922	41313
1923	1923	41315
1924	1924	41318
1925	1925	41319
1926	1926	41321
1927	1927	41326
1928	1928	41331
1929	1929	41341
1930	1930	41342
1931	1931	41344
1932	1932	41345
1933	1933	41347
1934	1934	41351
1935	1935	41358
1936	1936	41361
1937	1937	41366
1938	1938	41370
1939	1939	41371
1940	1940	41378
1941	1941	41384
1942	1942	41395
1943	1943	41403
1944	1944	41405
1945	1945	41406
1946	1946	41407
1947	1947	41408
1948	1948	41412
1949	1949	41419
1950	1950	41422
1951	1951	41427
1952	1952	41438
1953	1953	41449
1954	1954	41454
1955	1955	41457
1956	1956	41465
1957	1957	41471
1958	1958	41472
1959	1959	41474
1960	1960	41475
1961	1961	41478
1962	1962	41483
1963	1963	41485
1964	1964	41491
1965	1965	41495
1966	1966	41496
1967	1967	41500
1968	1968	41502
1969	1969	41503
1970	1970	41507
1971	1971	41511
1972	1972	41520
1973	1973	41521
1974	1974	41523
1975	1975	41524
1976	1976	41525
1977	1977	41530
1978	1978	41532
1979	1979	41535
1980	1980	41540
1981	1981	41542
1982	1982	41547
1983	1983	41549
1984	1984	41553
1985	1985	41554
1986	1986	41555
1987	1987	41556
1988	1988	41563
1989	1989	41564
1990	1990	41565
1991	1991	41567
1992	1992	41568
1993	1993	41572
1994	1994	41580
1995	1995	41581
1996	1996	41583
1997	1997	41586
1998	1998	41587
1999	1999	41592
2000	2000	41593
2001	2001	41596
2002	2002	41597
2003	2003	41598
2004	2004	41600
2005	2005	41604
2006	2006	41606
2007	2007	41609
2008	2008	41612
2009	2009	41613
2010	2010	41615
2011	2011	41617
2012	2012	41619
2013	2013	41624
2014	2014	41626
2015	2015	41632
2016	2016	41637
2017	2017	41639
2018	2018	41642
2019	2019	41643
2020	2020	41645
2021	2021	41651
2022	2022	41653
2023	2023	41660
2024	2024	41670
2025	2025	41674
2026	2026	41679
2027	2027	41680
2028	2028	41682
2029	2029	41687
2030	2030	41692
2031	2031	41694
2032	2032	41697
2033	2033	41708
2034	2034	41714
2035	2035	41715
2036	2036	41717
2037	2037	41718
2038	2038	41722
2039	2039	41723
2040	2040	41725
2041	2041	41726
2042	2042	41727
2043	2043	41731
2044	2044	41741
2045	2045	41748
2046	2046	41749
2047	2047	41750
2048	2048	41758
2049	2049	41759
2050	2050	41763
2051	2051	41767
2052	2052	41771
2053	2053	41778
2054	2054	41782
2055	2055	41792
2056	2056	41800
2057	2057	41805
2058	2058	41809
2059	2059	41810
2060	2060	41814
2061	2061	41816
2062	2062	41820
2063	2063	41825
2064	2064	41827
2065	2065	41828
2066	2066	41847
2067	2067	41848
2068	2068	41851
2069	2069	41852
2070	2070	41859
2071	2071	41860
2072	2072	41862
2073	2073	41863
2074	2074	41865
2075	2075	41869
2076	2076	41875
2077	2077	41876
2078	2078	41881
2079	2079	41888
2080	2080	41893
2081	2081	41895
2082	2082	41897
2083	2083	41898
2084	2084	41901
2085	2085	41914
2086	2086	41920
2087	2087	41930
2088	2088	41936
2089	2089	41940
2090	2090	41944
2091	2091	41946
2092	2092	41949
2093	2093	41953
2094	2094	41956
2095	2095	41957
2096	2096	41960
2097	2097	41965
2098	2098	41970
2099	2099	41972
2100	2100	41978
2101	2101	41982
2102	2102	41987
2103	2103	41989
2104	2104	41996
2105	2105	41997
2106	2106	42003
2107	2107	42011
2108	2108	42012
2109	2109	42017
2110	2110	42018
2111	2111	42021
2112	2112	42023
2113	2113	42024
2114	2114	42025
2115	2115	42026
2116	2116	42028
2117	2117	42030
2118	2118	42033
2119	2119	42034
2120	2120	42036
2121	2121	42037
2122	2122	42038
2123	2123	42039
2124	2124	42043
2125	2125	42044
2126	2126	42050
2127	2127	42058
2128	2128	42064
2129	2129	42067
2130	2130	42068
2131	2131	42073
2132	2132	42074
2133	2133	42077
2134	2134	42078
2135	2135	42079
2136	2136	42081
2137	2137	42085
2138	2138	42086
2139	2139	42096
2140	2140	42097
2141	2141	42098
2142	2142	42101
2143	2143	42108
2144	2144	42109
2145	2145	42118
2146	2146	42120
2147	2147	42123
2148	2148	42125
2149	2149	42129
2150	2150	42132
2151	2151	42149
2152	2152	42150
2153	2153	42156
2154	2154	42162
2155	2155	42164
2156	2156	42168
2157	2157	42174
2158	2158	42175
2159	2159	42177
2160	2160	42187
2161	2161	42195
2162	2162	42205
2163	2163	42209
2164	2164	42216
2165	2165	42224
2166	2166	42231
2167	2167	42233
2168	2168	42235
2169	2169	42236
2170	2170	42237
2171	2171	42244
2172	2172	42246
2173	2173	42248
2174	2174	42253
2175	2175	42259
2176	2176	42260
2177	2177	42269
2178	2178	42270
2179	2179	42273
2180	2180	42274
2181	2181	42286
2182	2182	42288
2183	2183	42291
2184	2184	42292
2185	2185	42295
2186	2186	42296
2187	2187	42300
2188	2188	42302
2189	2189	42321
2190	2190	42322
2191	2191	42330
2192	2192	42332
2193	2193	42344
2194	2194	42351
2195	2195	42354
2196	2196	42364
2197	2197	42366
2198	2198	42380
2199	2199	42381
2200	2200	42382
2201	2201	42386
2202	2202	42390
2203	2203	42392
2204	2204	42396
2205	2205	42399
2206	2206	42400
2207	2207	42402
2208	2208	42404
2209	2209	42412
2210	2210	42421
2211	2211	42425
2212	2212	42428
2213	2213	42430
2214	2214	42433
2215	2215	42446
2216	2216	42452
2217	2217	42454
2218	2218	42455
2219	2219	42463
2220	2220	42464
2221	2221	42467
2222	2222	42468
2223	2223	42470
2224	2224	42477
2225	2225	42480
2226	2226	42482
2227	2227	42488
2228	2228	42492
2229	2229	42494
2230	2230	42503
2231	2231	42509
2232	2232	42519
2233	2233	42530
2234	2234	42538
2235	2235	42549
2236	2236	42563
2237	2237	42565
2238	2238	42572
2239	2239	42574
2240	2240	42579
2241	2241	42582
2242	2242	42590
2243	2243	42593
2244	2244	42596
2245	2245	42599
2246	2246	42609
2247	2247	42613
2248	2248	42621
2249	2249	42625
2250	2250	42633
2251	2251	42639
2252	2252	42640
2253	2253	42644
2254	2254	42664
2255	2255	42672
2256	2256	42679
2257	2257	42687
2258	2258	42701
2259	2259	42708
2260	2260	42712
2261	2261	42727
2262	2262	42737
2263	2263	42752
2264	2264	42757
2265	2265	42761
2266	2266	42762
2267	2267	42763
2268	2268	42766
2269	2269	42771
2270	2270	42782
2271	2271	42783
2272	2272	42784
2273	2273	42793
2274	2274	42796
2275	2275	42798
2276	2276	42803
2277	2277	42813
2278	2278	42815
2279	2279	42829
2280	2280	42832
2281	2281	42834
2282	2282	42848
2283	2283	42859
2284	2284	42865
2285	2285	42873
2286	2286	42874
2287	2287	42875
2288	2288	42877
2289	2289	42879
2290	2290	42880
2291	2291	42885
2292	2292	42886
2293	2293	42890
2294	2294	42891
2295	2295	42892
2296	2296	42900
2297	2297	42905
2298	2298	42906
2299	2299	42914
2300	2300	42915
2301	2301	42917
2302	2302	42925
2303	2303	42926
2304	2304	42930
2305	2305	42932
2306	2306	42941
2307	2307	42944
2308	2308	42963
2309	2309	42970
2310	2310	42972
2311	2311	42973
2312	2312	42980
2313	2313	42990
2314	2314	43009
2315	2315	43010
2316	2316	43016
2317	2317	43017
2318	2318	43022
2319	2319	43024
2320	2320	43034
2321	2321	43039
2322	2322	43040
2323	2323	43042
2324	2324	43043
2325	2325	43045
2326	2326	43049
2327	2327	43052
2328	2328	43055
2329	2329	43064
2330	2330	43066
2331	2331	43068
2332	2332	43069
2333	2333	43073
2334	2334	43075
2335	2335	43080
2336	2336	43088
2337	2337	43090
2338	2338	43108
2339	2339	43114
2340	2340	43124
2341	2341	43125
2342	2342	43126
2343	2343	43132
2344	2344	43134
2345	2345	43141
2346	2346	43144
2347	2347	43146
2348	2348	43157
2349	2349	43166
2350	2350	43167
2351	2351	43168
2352	2352	43181
2353	2353	43183
2354	2354	43187
2355	2355	43193
2356	2356	43195
2357	2357	43212
2358	2358	43213
2359	2359	43218
2360	2360	43222
2361	2361	43223
2362	2362	43227
2363	2363	43229
2364	2364	43230
2365	2365	43231
2366	2366	43233
2367	2367	43235
2368	2368	43236
2369	2369	43241
2370	2370	43248
2371	2371	43255
2372	2372	43265
2373	2373	43269
2374	2374	43273
2375	2375	43279
2376	2376	43280
2377	2377	43285
2378	2378	43288
2379	2379	43293
2380	2380	43295
2381	2381	43301
2382	2382	43302
2383	2383	43303
2384	2384	43306
2385	2385	43332
2386	2386	43340
2387	2387	43358
2388	2388	43360
2389	2389	43363
2390	2390	43365
2391	2391	43367
2392	2392	43370
2393	2393	43373
2394	2394	43374
2395	2395	43375
2396	2396	43386
2397	2397	43390
2398	2398	43399
2399	2399	43401
2400	2400	43404
2401	2401	43409
2402	2402	43416
2403	2403	43417
2404	2404	43419
2405	2405	43420
2406	2406	43422
2407	2407	43424
2408	2408	43425
2409	2409	43435
2410	2410	43438
2411	2411	43439
2412	2412	43445
2413	2413	43457
2414	2414	43471
2415	2415	43472
2416	2416	43476
2417	2417	43487
2418	2418	43493
2419	2419	43494
2420	2420	43495
2421	2421	43497
2422	2422	43498
2423	2423	43499
2424	2424	43502
2425	2425	43504
2426	2426	43513
2427	2427	43515
2428	2428	43518
2429	2429	43519
2430	2430	43520
2431	2431	43522
2432	2432	43529
2433	2433	43531
2434	2434	43532
2435	2435	43533
2436	2436	43535
2437	2437	43538
2438	2438	43540
2439	2439	43543
2440	2440	43545
2441	2441	43546
2442	2442	43547
2443	2443	43548
2444	2444	43552
2445	2445	43561
2446	2446	43564
2447	2447	43574
2448	2448	43576
2449	2449	43578
2450	2450	43579
2451	2451	43584
2452	2452	43588
2453	2453	43590
2454	2454	43591
2455	2455	43592
2456	2456	43594
2457	2457	43600
2458	2458	43606
2459	2459	43608
2460	2460	43612
2461	2461	43614
2462	2462	43615
2463	2463	43617
2464	2464	43619
2465	2465	43627
2466	2466	43631
2467	2467	43634
2468	2468	43646
2469	2469	43650
2470	2470	43651
2471	2471	43659
2472	2472	43663
2473	2473	43668
2474	2474	43675
2475	2475	43685
2476	2476	43686
2477	2477	43687
2478	2478	43690
2479	2479	43691
2480	2480	43698
2481	2481	43703
2482	2482	43707
2483	2483	43710
2484	2484	43711
2485	2485	43712
2486	2486	43715
2487	2487	43722
2488	2488	43724
2489	2489	43727
2490	2490	43728
2491	2491	43731
2492	2492	43743
2493	2493	43745
2494	2494	43746
2495	2495	43751
2496	2496	43755
2497	2497	43765
2498	2498	43768
2499	2499	43772
2500	2500	43779
2501	2501	43780
2502	2502	43782
2503	2503	43786
2504	2504	43787
2505	2505	43788
2506	2506	43796
2507	2507	43804
2508	2508	43806
2509	2509	43811
2510	2510	43815
2511	2511	43822
2512	2512	43825
2513	2513	43827
2514	2514	43830
2515	2515	43833
2516	2516	43843
2517	2517	43849
2518	2518	43850
2519	2519	43852
2520	2520	43854
2521	2521	43855
2522	2522	43858
2523	2523	43865
2524	2524	43867
2525	2525	43874
2526	2526	43875
2527	2527	43879
2528	2528	43884
2529	2529	43885
2530	2530	43895
2531	2531	43901
2532	2532	43904
2533	2533	43907
2534	2534	43912
2535	2535	43914
2536	2536	43922
2537	2537	43926
2538	2538	43933
2539	2539	43934
2540	2540	43939
2541	2541	43942
2542	2542	43944
2543	2543	43949
2544	2544	43951
2545	2545	43966
2546	2546	43968
2547	2547	43976
2548	2548	43981
2549	2549	43990
2550	2550	43991
2551	2551	43996
2552	2552	44002
2553	2553	44005
2554	2554	44007
2555	2555	44015
2556	2556	44018
2557	2557	44022
2558	2558	44023
2559	2559	44029
2560	2560	44037
2561	2561	44041
2562	2562	44043
2563	2563	44056
2564	2564	44057
2565	2565	44067
2566	2566	44072
2567	2567	44075
2568	2568	44076
2569	2569	44084
2570	2570	44085
2571	2571	44094
2572	2572	44095
2573	2573	44100
2574	2574	44107
2575	2575	44111
2576	2576	44112
2577	2577	44119
2578	2578	44129
2579	2579	44133
2580	2580	44147
2581	2581	44172
2582	2582	44173
2583	2583	44174
2584	2584	44182
2585	2585	44184
2586	2586	44187
2587	2587	44191
2588	2588	44193
2589	2589	44194
2590	2590	44202
2591	2591	44219
2592	2592	44220
2593	2593	44225
2594	2594	44228
2595	2595	44230
2596	2596	44237
2597	2597	44238
2598	2598	44240
2599	2599	44243
2600	2600	44245
2601	2601	44257
2602	2602	44259
2603	2603	44260
2604	2604	44261
2605	2605	44273
2606	2606	44274
2607	2607	44278
2608	2608	44282
2609	2609	44286
2610	2610	44291
2611	2611	44297
2612	2612	44310
2613	2613	44313
2614	2614	44314
2615	2615	44318
2616	2616	44319
2617	2617	44321
2618	2618	44324
2619	2619	44327
2620	2620	44328
2621	2621	44334
2622	2622	44339
2623	2623	44344
2624	2624	44345
2625	2625	44347
2626	2626	44359
2627	2627	44360
2628	2628	44361
2629	2629	44369
2630	2630	44370
2631	2631	44372
2632	2632	44381
2633	2633	44384
2634	2634	44386
2635	2635	44388
2636	2636	44390
2637	2637	44393
2638	2638	44396
2639	2639	44397
2640	2640	44406
2641	2641	44407
2642	2642	44414
2643	2643	44415
2644	2644	44420
2645	2645	44425
2646	2646	44426
2647	2647	44429
2648	2648	44430
2649	2649	44441
2650	2650	44442
2651	2651	44448
2652	2652	44452
2653	2653	44455
2654	2654	44456
2655	2655	44461
2656	2656	44463
2657	2657	44464
2658	2658	44480
2659	2659	44481
2660	2660	44484
2661	2661	44488
2662	2662	44491
2663	2663	44493
2664	2664	44498
2665	2665	44502
2666	2666	44509
2667	2667	44510
2668	2668	44512
2669	2669	44514
2670	2670	44518
2671	2671	44520
2672	2672	44522
2673	2673	44533
2674	2674	44541
2675	2675	44542
2676	2676	44546
2677	2677	44556
2678	2678	44560
2679	2679	44561
2680	2680	44562
2681	2681	44565
2682	2682	44566
2683	2683	44570
2684	2684	44575
2685	2685	44578
2686	2686	44582
2687	2687	44591
2688	2688	44596
2689	2689	44597
2690	2690	44599
2691	2691	44602
2692	2692	44605
2693	2693	44606
2694	2694	44610
2695	2695	44613
2696	2696	44615
2697	2697	44616
2698	2698	44617
2699	2699	44620
2700	2700	44623
2701	2701	44627
2702	2702	44633
2703	2703	44634
2704	2704	44640
2705	2705	44643
2706	2706	44645
2707	2707	44650
2708	2708	44655
2709	2709	44658
2710	2710	44662
2711	2711	44666
2712	2712	44667
2713	2713	44671
2714	2714	44679
2715	2715	44687
2716	2716	44695
2717	2717	44704
2718	2718	44706
2719	2719	44711
2720	2720	44713
2721	2721	44719
2722	2722	44722
2723	2723	44725
2724	2724	44728
2725	2725	44731
2726	2726	44732
2727	2727	44734
2728	2728	44736
2729	2729	44737
2730	2730	44739
2731	2731	44740
2732	2732	44742
2733	2733	44762
2734	2734	44768
2735	2735	44783
2736	2736	44792
2737	2737	44793
2738	2738	44794
2739	2739	44797
2740	2740	44798
2741	2741	44810
2742	2742	44811
2743	2743	44813
2744	2744	44823
2745	2745	44826
2746	2746	44829
2747	2747	44833
2748	2748	44835
2749	2749	44840
2750	2750	44844
2751	2751	44846
2752	2752	44848
2753	2753	44849
2754	2754	44852
2755	2755	44853
2756	2756	44855
2757	2757	44857
2758	2758	44865
2759	2759	44875
2760	2760	44877
2761	2761	44881
2762	2762	44884
2763	2763	44886
2764	2764	44889
2765	2765	44890
2766	2766	44891
2767	2767	44894
2768	2768	44901
2769	2769	44902
2770	2770	44903
2771	2771	44904
2772	2772	44910
2773	2773	44912
2774	2774	44917
2775	2775	44918
2776	2776	44921
2777	2777	44927
2778	2778	44934
2779	2779	44937
2780	2780	44942
2781	2781	44950
2782	2782	44958
2783	2783	44965
2784	2784	44966
2785	2785	44970
2786	2786	44972
2787	2787	44973
2788	2788	44975
2789	2789	44982
2790	2790	44985
2791	2791	44986
2792	2792	44989
2793	2793	44992
2794	2794	44993
2795	2795	44996
2796	2796	44997
2797	2797	44999
2798	2798	45000
2799	2799	45002
2800	2800	45003
2801	2801	45004
2802	2802	45005
2803	2803	45009
2804	2804	45010
2805	2805	45011
2806	2806	45013
2807	2807	45017
2808	2808	45018
2809	2809	45023
2810	2810	45027
2811	2811	45031
2812	2812	45033
2813	2813	45037
2814	2814	45038
2815	2815	45040
2816	2816	45042
2817	2817	45044
2818	2818	45049
2819	2819	45053
2820	2820	45056
2821	2821	45058
2822	2822	45065
2823	2823	45078
2824	2824	45093
2825	2825	45094
2826	2826	45100
2827	2827	45105
2828	2828	45115
2829	2829	45116
2830	2830	45124
2831	2831	45126
2832	2832	45128
2833	2833	45131
2834	2834	45135
2835	2835	45141
2836	2836	45144
2837	2837	45147
2838	2838	45151
2839	2839	45153
2840	2840	45156
2841	2841	45162
2842	2842	45165
2843	2843	45166
2844	2844	45169
2845	2845	45172
2846	2846	45173
2847	2847	45180
2848	2848	45181
2849	2849	45197
2850	2850	45204
2851	2851	45211
2852	2852	45213
2853	2853	45216
2854	2854	45221
2855	2855	45222
2856	2856	45227
2857	2857	45231
2858	2858	45241
2859	2859	45242
2860	2860	45243
2861	2861	45244
2862	2862	45245
2863	2863	45248
2864	2864	45252
2865	2865	45256
2866	2866	45257
2867	2867	45260
2868	2868	45263
2869	2869	45265
2870	2870	45268
2871	2871	45270
2872	2872	45274
2873	2873	45275
2874	2874	45277
2875	2875	45284
2876	2876	45292
2877	2877	45295
2878	2878	45296
2879	2879	45298
2880	2880	45302
2881	2881	45305
2882	2882	45307
2883	2883	45308
2884	2884	45336
2885	2885	45339
2886	2886	45343
2887	2887	45348
2888	2888	45354
2889	2889	45359
2890	2890	45368
2891	2891	45373
2892	2892	45383
2893	2893	45384
2894	2894	45385
2895	2895	45387
2896	2896	45388
2897	2897	45391
2898	2898	45393
2899	2899	45396
2900	2900	45401
2901	2901	45402
2902	2902	45404
2903	2903	45410
2904	2904	45413
2905	2905	45414
2906	2906	45415
2907	2907	45416
2908	2908	45417
2909	2909	45424
2910	2910	45433
2911	2911	45437
2912	2912	45438
2913	2913	45441
2914	2914	45443
2915	2915	45444
2916	2916	45450
2917	2917	45452
2918	2918	45456
2919	2919	45458
2920	2920	45459
2921	2921	45460
2922	2922	45472
2923	2923	45476
2924	2924	45483
2925	2925	45486
2926	2926	45491
2927	2927	45493
2928	2928	45496
2929	2929	45502
2930	2930	45506
2931	2931	45518
2932	2932	45525
2933	2933	45535
2934	2934	45536
2935	2935	45538
2936	2936	45543
2937	2937	45545
2938	2938	45548
2939	2939	45556
2940	2940	45557
2941	2941	45570
2942	2942	45574
2943	2943	45575
2944	2944	45577
2945	2945	45586
2946	2946	45593
2947	2947	45599
2948	2948	45601
2949	2949	45606
2950	2950	45611
2951	2951	45619
2952	2952	45620
2953	2953	45621
2954	2954	45627
2955	2955	45629
2956	2956	45658
2957	2957	45660
2958	2958	45664
2959	2959	45667
2960	2960	45668
2961	2961	45677
2962	2962	45680
2963	2963	45692
2964	2964	45696
2965	2965	45698
2966	2966	45701
2967	2967	45708
2968	2968	45710
2969	2969	45712
2970	2970	45716
2971	2971	45720
2972	2972	45723
2973	2973	45725
2974	2974	45727
2975	2975	45730
2976	2976	45731
2977	2977	45732
2978	2978	45734
2979	2979	45736
2980	2980	45739
2981	2981	45746
2982	2982	45759
2983	2983	45769
2984	2984	45777
2985	2985	45784
2986	2986	45788
2987	2987	45790
2988	2988	45791
2989	2989	45796
2990	2990	45799
2991	2991	45802
2992	2992	45803
2993	2993	45810
2994	2994	45812
2995	2995	45815
2996	2996	45823
2997	2997	45827
2998	2998	45833
2999	2999	45837
3000	3000	45838
3001	3001	45841
3002	3002	45842
3003	3003	45844
3004	3004	45856
3005	3005	45858
3006	3006	45860
3007	3007	45867
3008	3008	45871
3009	3009	45877
3010	3010	45878
3011	3011	45881
3012	3012	45884
3013	3013	45894
3014	3014	45900
3015	3015	45904
3016	3016	45905
3017	3017	45915
3018	3018	45917
3019	3019	45918
3020	3020	45919
3021	3021	45928
3022	3022	45931
3023	3023	45932
3024	3024	45941
3025	3025	45942
3026	3026	45943
3027	3027	45945
3028	3028	45946
3029	3029	45948
3030	3030	45950
3031	3031	45968
3032	3032	45972
3033	3033	45973
3034	3034	45976
3035	3035	45977
3036	3036	45981
3037	3037	45997
3038	3038	45999
3039	3039	46001
3040	3040	46006
3041	3041	46020
3042	3042	46027
3043	3043	46029
3044	3044	46032
3045	3045	46037
3046	3046	46039
3047	3047	46041
3048	3048	46045
3049	3049	46052
3050	3050	46060
3051	3051	46061
3052	3052	46067
3053	3053	46073
3054	3054	46075
3055	3055	46076
3056	3056	46078
3057	3057	46081
3058	3058	46085
3059	3059	46092
3060	3060	46093
3061	3061	46096
3062	3062	46102
3063	3063	46107
3064	3064	46114
3065	3065	46122
3066	3066	46129
3067	3067	46136
3068	3068	46138
3069	3069	46141
3070	3070	46143
3071	3071	46147
3072	3072	46151
3073	3073	46153
3074	3074	46156
3075	3075	46167
3076	3076	46179
3077	3077	46181
3078	3078	46183
3079	3079	46188
3080	3080	46191
3081	3081	46194
3082	3082	46198
3083	3083	46200
3084	3084	46202
3085	3085	46203
3086	3086	46209
3087	3087	46210
3088	3088	46211
3089	3089	46217
3090	3090	46220
3091	3091	46223
3092	3092	46227
3093	3093	46228
3094	3094	46231
3095	3095	46254
3096	3096	46257
3097	3097	46259
3098	3098	46265
3099	3099	46272
3100	3100	46275
3101	3101	46281
3102	3102	46282
3103	3103	46285
3104	3104	46289
3105	3105	46295
3106	3106	46296
3107	3107	46299
3108	3108	46301
3109	3109	46304
3110	3110	46307
3111	3111	46308
3112	3112	46314
3113	3113	46326
3114	3114	46340
3115	3115	46345
3116	3116	46356
3117	3117	46362
3118	3118	46365
3119	3119	46375
3120	3120	46377
3121	3121	46388
3122	3122	46389
3123	3123	46399
3124	3124	46405
3125	3125	46406
3126	3126	46409
3127	3127	46412
3128	3128	46422
3129	3129	46423
3130	3130	46429
3131	3131	46430
3132	3132	46451
3133	3133	46454
3134	3134	46458
3135	3135	46459
3136	3136	46460
3137	3137	46468
3138	3138	46472
3139	3139	46475
3140	3140	46476
3141	3141	46481
3142	3142	46482
3143	3143	46484
3144	3144	46486
3145	3145	46490
3146	3146	46491
3147	3147	46492
3148	3148	46494
3149	3149	46496
3150	3150	46497
3151	3151	46502
3152	3152	46505
3153	3153	46507
3154	3154	46510
3155	3155	46513
3156	3156	46514
3157	3157	46515
3158	3158	46520
3159	3159	46521
3160	3160	46523
3161	3161	46524
3162	3162	46539
3163	3163	46550
3164	3164	46554
3165	3165	46571
3166	3166	46575
3167	3167	46579
3168	3168	46585
3169	3169	46588
3170	3170	46591
3171	3171	46592
3172	3172	46597
3173	3173	46601
3174	3174	46628
3175	3175	46642
3176	3176	46644
3177	3177	46650
3178	3178	46672
3179	3179	46676
3180	3180	46686
3181	3181	46687
3182	3182	46688
3183	3183	46695
3184	3184	46702
3185	3185	46705
3186	3186	46711
3187	3187	46714
3188	3188	46716
3189	3189	46717
3190	3190	46729
3191	3191	46730
3192	3192	46734
3193	3193	46740
3194	3194	46744
3195	3195	46748
3196	3196	46749
3197	3197	46751
3198	3198	46757
3199	3199	46759
3200	3200	46761
3201	3201	46764
3202	3202	46765
3203	3203	46768
3204	3204	46770
3205	3205	46778
3206	3206	46779
3207	3207	46784
3208	3208	46786
3209	3209	46787
3210	3210	46788
3211	3211	46798
3212	3212	46801
3213	3213	46805
3214	3214	46810
3215	3215	46813
3216	3216	46814
3217	3217	46819
3218	3218	46833
3219	3219	46843
3220	3220	46850
3221	3221	46858
3222	3222	46860
3223	3223	46861
3224	3224	46866
3225	3225	46875
3226	3226	46876
3227	3227	46881
3228	3228	46884
3229	3229	46887
3230	3230	46889
3231	3231	46894
3232	3232	46901
3233	3233	46904
3234	3234	46905
3235	3235	46919
3236	3236	46920
3237	3237	46921
3238	3238	46927
3239	3239	46931
3240	3240	46932
3241	3241	46935
3242	3242	46942
3243	3243	46950
3244	3244	46953
3245	3245	46973
3246	3246	46977
3247	3247	46986
3248	3248	46988
3249	3249	46999
3250	3250	47003
3251	3251	47015
3252	3252	47028
3253	3253	47034
3254	3254	47047
3255	3255	47048
3256	3256	47050
3257	3257	47052
3258	3258	47055
3259	3259	47056
3260	3260	47059
3261	3261	47063
3262	3262	47064
3263	3263	47070
3264	3264	47072
3265	3265	47074
3266	3266	47080
3267	3267	47083
3268	3268	47100
3269	3269	47109
3270	3270	47112
3271	3271	47114
3272	3272	47116
3273	3273	47123
3274	3274	47127
3275	3275	47129
3276	3276	47132
3277	3277	47137
3278	3278	47144
3279	3279	47147
3280	3280	47152
3281	3281	47153
3282	3282	47154
3283	3283	47155
3284	3284	47156
3285	3285	47158
3286	3286	47160
3287	3287	47166
3288	3288	47171
3289	3289	47176
3290	3290	47178
3291	3291	47181
3292	3292	47185
3293	3293	47190
3294	3294	47197
3295	3295	47206
3296	3296	47207
3297	3297	47209
3298	3298	47213
3299	3299	47223
3300	3300	47224
3301	3301	47226
3302	3302	47230
3303	3303	47235
3304	3304	47245
3305	3305	47247
3306	3306	47248
3307	3307	47249
3308	3308	47253
3309	3309	47259
3310	3310	47260
3311	3311	47261
3312	3312	47268
3313	3313	47270
3314	3314	47278
3315	3315	47283
3316	3316	47287
3317	3317	47290
3318	3318	47291
3319	3319	47296
3320	3320	47297
3321	3321	47302
3322	3322	47303
3323	3323	47312
3324	3324	47313
3325	3325	47315
3326	3326	47316
3327	3327	47320
3328	3328	47331
3329	3329	47336
3330	3330	47342
3331	3331	47343
3332	3332	47345
3333	3333	47346
3334	3334	47348
3335	3335	47351
3336	3336	47352
3337	3337	47353
3338	3338	47354
3339	3339	47355
3340	3340	47358
3341	3341	47363
3342	3342	47364
3343	3343	47365
3344	3344	47370
3345	3345	47371
3346	3346	47377
3347	3347	47381
3348	3348	47383
3349	3349	47393
3350	3350	47395
3351	3351	47396
3352	3352	47402
3353	3353	47405
3354	3354	47407
3355	3355	47409
3356	3356	47412
3357	3357	47413
3358	3358	47416
3359	3359	47417
3360	3360	47419
3361	3361	47421
3362	3362	47424
3363	3363	47440
3364	3364	47441
3365	3365	47442
3366	3366	47447
3367	3367	47450
3368	3368	47452
3369	3369	47456
3370	3370	47459
3371	3371	47460
3372	3372	47461
3373	3373	47467
3374	3374	47478
3375	3375	47480
3376	3376	47481
3377	3377	47482
3378	3378	47484
3379	3379	47485
3380	3380	47489
3381	3381	47490
3382	3382	47492
3383	3383	47495
3384	3384	47499
3385	3385	47501
3386	3386	47502
3387	3387	47504
3388	3388	47506
3389	3389	47509
3390	3390	47512
3391	3391	47515
3392	3392	47517
3393	3393	47522
3394	3394	47523
3395	3395	47541
3396	3396	47543
3397	3397	47545
3398	3398	47547
3399	3399	47551
3400	3400	47553
3401	3401	47558
3402	3402	47562
3403	3403	47563
3404	3404	47564
3405	3405	47567
3406	3406	47574
3407	3407	47580
3408	3408	47582
3409	3409	47586
3410	3410	47590
3411	3411	47592
3412	3412	47593
3413	3413	47595
3414	3414	47601
3415	3415	47603
3416	3416	47614
3417	3417	47618
3418	3418	47623
3419	3419	47630
3420	3420	47632
3421	3421	47635
3422	3422	47639
3423	3423	47646
3424	3424	47648
3425	3425	47649
3426	3426	47650
3427	3427	47651
3428	3428	47652
3429	3429	47653
3430	3430	47656
3431	3431	47657
3432	3432	47659
3433	3433	47660
3434	3434	47669
3435	3435	47677
3436	3436	47680
3437	3437	47682
3438	3438	47686
3439	3439	47690
3440	3440	47695
3441	3441	47701
3442	3442	47702
3443	3443	47706
3444	3444	47708
3445	3445	47709
3446	3446	47714
3447	3447	47722
3448	3448	47723
3449	3449	47726
3450	3450	47731
3451	3451	47735
3452	3452	47736
3453	3453	47739
3454	3454	47740
3455	3455	47742
3456	3456	47749
3457	3457	47755
3458	3458	47756
3459	3459	47760
3460	3460	47762
3461	3461	47764
3462	3462	47765
3463	3463	47766
3464	3464	47767
3465	3465	47774
3466	3466	47779
3467	3467	47784
3468	3468	47786
3469	3469	47787
3470	3470	47788
3471	3471	47789
3472	3472	47791
3473	3473	47795
3474	3474	47796
3475	3475	47797
3476	3476	47799
3477	3477	47804
3478	3478	47806
3479	3479	47807
3480	3480	47808
3481	3481	47810
3482	3482	47812
3483	3483	47818
3484	3484	47821
3485	3485	47824
3486	3486	47825
3487	3487	47826
3488	3488	47828
3489	3489	47830
3490	3490	47842
3491	3491	47851
3492	3492	47861
3493	3493	47869
3494	3494	47870
3495	3495	47871
3496	3496	47875
3497	3497	47877
3498	3498	47880
3499	3499	47882
3500	3500	47885
3501	3501	47886
3502	3502	47889
3503	3503	47893
3504	3504	47894
3505	3505	47895
3506	3506	47898
3507	3507	47899
3508	3508	47907
3509	3509	47911
3510	3510	47913
3511	3511	47914
3512	3512	47918
3513	3513	47920
3514	3514	47921
3515	3515	47922
3516	3516	47923
3517	3517	47924
3518	3518	47932
3519	3519	47935
3520	3520	47940
3521	3521	47941
3522	3522	47943
3523	3523	47948
3524	3524	47951
3525	3525	47954
3526	3526	47957
3527	3527	47958
3528	3528	47963
3529	3529	47964
3530	3530	47970
3531	3531	47971
3532	3532	47976
3533	3533	47979
3534	3534	47980
3535	3535	47983
3536	3536	47985
3537	3537	47987
3538	3538	47988
3539	3539	47989
3540	3540	47991
3541	3541	47992
3542	3542	47995
3543	3543	47997
3544	3544	48000
3545	3545	48003
3546	3546	48004
3547	3547	48006
3548	3548	48007
3549	3549	48008
3550	3550	48009
3551	3551	48010
3552	3552	48012
3553	3553	48015
3554	3554	48016
3555	3555	48018
3556	3556	48020
3557	3557	48021
3558	3558	48023
3559	3559	48030
3560	3560	48031
3561	3561	48036
3562	3562	48038
3563	3563	48040
3564	3564	48041
3565	3565	48042
3566	3566	48046
3567	3567	48047
3568	3568	48048
3569	3569	48052
3570	3570	48056
3571	3571	48059
3572	3572	48060
3573	3573	48065
3574	3574	48066
3575	3575	48071
3576	3576	48073
3577	3577	48075
3578	3578	48076
3579	3579	48077
3580	3580	48078
3581	3581	48081
3582	3582	48083
3583	3583	48086
3584	3584	48087
3585	3585	48088
3586	3586	48090
3587	3587	48098
3588	3588	48099
3589	3589	48100
3590	3590	48101
3591	3591	48106
3592	3592	48111
3593	3593	48112
3594	3594	48118
3595	3595	48119
3596	3596	48120
3597	3597	48125
3598	3598	48126
3599	3599	48129
3600	3600	48137
3601	3601	48139
3602	3602	48141
3603	3603	48143
3604	3604	48145
3605	3605	48146
3606	3606	48149
3607	3607	48151
3608	3608	48156
3609	3609	48166
3610	3610	48167
3611	3611	48178
3612	3612	48180
3613	3613	48181
3614	3614	48186
3615	3615	48190
3616	3616	48194
3617	3617	48197
3618	3618	48202
3619	3619	48206
3620	3620	48209
3621	3621	48211
3622	3622	48213
3623	3623	48214
3624	3624	48216
3625	3625	48217
3626	3626	48219
3627	3627	48226
3628	3628	48231
3629	3629	48232
3630	3630	48237
3631	3631	48239
3632	3632	48249
3633	3633	48250
3634	3634	48253
3635	3635	48255
3636	3636	48256
3637	3637	48260
3638	3638	48268
3639	3639	48272
3640	3640	48275
3641	3641	48277
3642	3642	48278
3643	3643	48279
3644	3644	48280
3645	3645	48283
3646	3646	48284
3647	3647	48285
3648	3648	48292
3649	3649	48307
3650	3650	48314
3651	3651	48316
3652	3652	48320
3653	3653	48322
3654	3654	48326
3655	3655	48330
3656	3656	48331
3657	3657	48335
3658	3658	48337
3659	3659	48344
3660	3660	48347
3661	3661	48353
3662	3662	48355
3663	3663	48357
3664	3664	48366
3665	3665	48368
3666	3666	48370
3667	3667	48375
3668	3668	48378
3669	3669	48379
3670	3670	48381
3671	3671	48385
3672	3672	48392
3673	3673	48397
3674	3674	48399
3675	3675	48400
3676	3676	48407
3677	3677	48408
3678	3678	48409
3679	3679	48411
3680	3680	48413
3681	3681	48417
3682	3682	48419
3683	3683	48430
3684	3684	48431
3685	3685	48432
3686	3686	48435
3687	3687	48449
3688	3688	48451
3689	3689	48457
3690	3690	48458
3691	3691	48462
3692	3692	48464
3693	3693	48466
3694	3694	48467
3695	3695	48468
3696	3696	48475
3697	3697	48477
3698	3698	48479
3699	3699	48481
3700	3700	48484
3701	3701	48485
3702	3702	48488
3703	3703	48491
3704	3704	48492
3705	3705	48498
3706	3706	48500
3707	3707	48506
3708	3708	48509
3709	3709	48512
3710	3710	48514
3711	3711	48516
3712	3712	48521
3713	3713	48524
3714	3714	48525
3715	3715	48529
3716	3716	48533
3717	3717	48534
3718	3718	48535
3719	3719	48536
3720	3720	48539
3721	3721	48540
3722	3722	48543
3723	3723	48547
3724	3724	48548
3725	3725	48553
3726	3726	48554
3727	3727	48560
3728	3728	48562
3729	3729	48566
3730	3730	48571
3731	3731	48572
3732	3732	48575
3733	3733	48577
3734	3734	48578
3735	3735	48583
3736	3736	48587
3737	3737	48589
3738	3738	48594
3739	3739	48599
3740	3740	48605
3741	3741	48607
3742	3742	48609
3743	3743	48610
3744	3744	48616
3745	3745	48618
3746	3746	48620
3747	3747	48621
3748	3748	48622
3749	3749	48634
3750	3750	48639
3751	3751	48641
3752	3752	48643
3753	3753	48652
3754	3754	48661
3755	3755	48672
3756	3756	48675
3757	3757	48679
3758	3758	48681
3759	3759	48684
3760	3760	48689
3761	3761	48691
3762	3762	48695
3763	3763	48697
3764	3764	48699
3765	3765	48700
3766	3766	48701
3767	3767	48707
3768	3768	48724
3769	3769	48730
3770	3770	48731
3771	3771	48732
3772	3772	48733
3773	3773	48734
3774	3774	48737
3775	3775	48741
3776	3776	48742
3777	3777	48746
3778	3778	48748
3779	3779	48754
3780	3780	48755
3781	3781	48762
3782	3782	48766
3783	3783	48768
3784	3784	48769
3785	3785	48771
3786	3786	48774
3787	3787	48775
3788	3788	48776
3789	3789	48779
3790	3790	48784
3791	3791	48786
3792	3792	48787
3793	3793	48789
3794	3794	48790
3795	3795	48792
3796	3796	48794
3797	3797	48796
3798	3798	48799
3799	3799	48801
3800	3800	48802
3801	3801	48805
3802	3802	48810
3803	3803	48811
3804	3804	48813
3805	3805	48814
3806	3806	48821
3807	3807	48825
3808	3808	48827
3809	3809	48835
3810	3810	48836
3811	3811	48838
3812	3812	48841
3813	3813	48853
3814	3814	48854
3815	3815	48855
3816	3816	48869
3817	3817	48872
3818	3818	48891
3819	3819	48893
3820	3820	48894
3821	3821	48902
3822	3822	48914
3823	3823	48918
3824	3824	48925
3825	3825	48932
3826	3826	48935
3827	3827	48941
3828	3828	48943
3829	3829	48947
3830	3830	48949
3831	3831	48951
3832	3832	48953
3833	3833	48962
3834	3834	48963
3835	3835	48967
3836	3836	48977
3837	3837	48982
3838	3838	48984
3839	3839	48988
3840	3840	48990
3841	3841	48991
3842	3842	48997
3843	3843	48998
3844	3844	49004
3845	3845	49010
3846	3846	49015
3847	3847	49017
3848	3848	49025
3849	3849	49030
3850	3850	49036
3851	3851	49040
3852	3852	49043
3853	3853	49050
3854	3854	49052
3855	3855	49061
3856	3856	49065
3857	3857	49079
3858	3858	49085
3859	3859	49087
3860	3860	49094
3861	3861	49104
3862	3862	49107
3863	3863	49112
3864	3864	49113
3865	3865	49116
3866	3866	49117
3867	3867	49118
3868	3868	49119
3869	3869	49126
3870	3870	49131
3871	3871	49135
3872	3872	49141
3873	3873	49143
3874	3874	49149
3875	3875	49164
3876	3876	49167
3877	3877	49180
3878	3878	49181
3879	3879	49182
3880	3880	49183
3881	3881	49193
3882	3882	49197
3883	3883	49214
3884	3884	49220
3885	3885	49223
3886	3886	49225
3887	3887	49228
3888	3888	49230
3889	3889	49238
3890	3890	49246
3891	3891	49247
3892	3892	49250
3893	3893	49251
3894	3894	49258
3895	3895	49263
3896	3896	49267
3897	3897	49287
3898	3898	49288
3899	3899	49292
3900	3900	49294
3901	3901	49300
3902	3902	49310
3903	3903	49312
3904	3904	49313
3905	3905	49314
3906	3906	49317
3907	3907	49322
3908	3908	49325
3909	3909	49328
3910	3910	49332
3911	3911	49350
3912	3912	49353
3913	3913	49355
3914	3914	49358
3915	3915	49361
3916	3916	49365
3917	3917	49367
3918	3918	49370
3919	3919	49374
3920	3920	49381
3921	3921	49384
3922	3922	49390
3923	3923	49396
3924	3924	49398
3925	3925	49401
3926	3926	49402
3927	3927	49403
3928	3928	49415
3929	3929	49420
3930	3930	49421
3931	3931	49424
3932	3932	49425
3933	3933	49426
3934	3934	49428
3935	3935	49430
3936	3936	49431
3937	3937	49438
3938	3938	49454
3939	3939	49458
3940	3940	49459
